period,year_period,Thu nhập trên mỗi cổ phần của 4 quý gần nhất (EPS),Giá trị sổ sách của cổ phiếu (BVPS),Chỉ số giá thị trường trên thu nhập (P/E),Chỉ số giá thị trường trên giá trị sổ sách (P/B),Tỷ suất cổ tức,Beta,symbol,Chỉ số giá thị trường trên doanh thu thuần (P/S),Giá trị doanh nghiệp trên lợi nhuận trước thuế và lãi vay (EV/EBIT),"Giá trị doanh nghiệp trên lợi nhuận trước thuế, khấu hao và lãi vay (EV/EBITDA)"
2025,2025,3576,25331,9.76,1.38,0.03,1.2,TCB,,,
2024,2024,4116,20940,5.99,1.18,0.06,1.22,TCB,,,
2023,2023,5118,37364,6.21,0.85,0,1.41,TCB,,,
2022,2022,5736,32248,4.51,0.8,0,1.44,TCB,,,
2021,2021,5148,26501,9.71,1.89,0,1.3,TCB,,,
2020,2020,3521,21289,8.95,1.48,0,1.22,TCB,,,
2019,2019,2967,17734,7.94,1.33,0,1.32,TCB,,,
2018,2018,2789,14809,9.26,1.75,0,0,TCB,,,
2017,2017,5530,23106,0,0,0,0,TCB,,,
2016,2016,3547,22062,0,0,0,0,TCB,,,
2015,2015,1722,18537,0,0,0,0,TCB,,,
2014,2014,1219,16880,0,0,0,0,TCB,,,
2013,2013,742,15679,0,0,0,0,TCB,,,
2012,2012,865,15020,0,0,0,0,TCB,,,
2025,2025,3063,14076,23.11,5.03,0.01,1.92,VGI,4.88,13.12,10.51
2024,2024,1848,11772,49.61,7.79,0,1.33,VGI,7.89,24.56,19.05
2023,2023,205,10026,126.15,2.57,0,1.29,VGI,2.78,17.18,9.98
2022,2022,274,9563,72.99,2.09,0,1.58,VGI,2.58,16.84,8.76
2021,2021,-120,9407,-271.48,3.48,0,1.92,VGI,5.17,74.36,22.19
2020,2020,184,9813,182.24,3.41,0,2.05,VGI,5.38,55.65,19.44
2019,2019,-235,9484,-105.21,2.6,0,7.31,VGI,4.4,91.59,20.78
2018,2018,-488,11014,-27.84,1.22,0,0,VGI,1.78,57.27,10.77
2017,2017,-148,8226,0,0,0,0,VGI,0,25.01,4.52
2016,2016,-1163,8171,0,0,0,0,VGI,0,-7.28,188.43
2015,2015,618,10736,0,0,0,0,VGI,0,7.81,3.38
2014,2014,1899,12699,0,0,0,0,VGI,0,2.6,1.76
2013,2013,1117,12142,0,0,0,0,VGI,0,0.22,0.13
2012,2012,2583,13651,0,0,0,0,VGI,0,0.61,0.4
2013,2013,-5984,-16769,-0.27,-0.1,0,-0.22,VKP,0.36,-4.22,-7.03
2012,2012,-11496,-10774,-0.08,-0.08,0,0.81,VKP,0.13,-1.89,-2.56
2024,2024,31,10259,309.47,0.95,0.02,1.18,DMS,0.11,43.76,0
2023,2023,534,10525,33.38,0.95,0.07,0,DMS,0.1,22.08,0
2022,2022,793,11032,0,0,0,0,DMS,0,-0.61,0
2025,2025,-7549,-20073,-0.33,-0.12,0,-0.44,AGM,1.22,-18.52,0
2024,2024,-14274,-13394,-0.23,-0.25,0,1.28,AGM,0.25,-6.05,0
2023,2023,-11809,1199,-0.53,5.24,0,1.48,AGM,0.15,-10,0
2022,2022,-12866,13008,-0.75,0.74,0,1.22,AGM,0.05,-10.48,-13.22
2021,2021,2457,26520,14.69,1.36,0,0.64,AGM,0.17,21.68,0
2020,2020,1359,24118,9.38,0.53,0.11,0.7,AGM,0.12,8.71,0
2019,2019,2213,24251,4.61,0.42,0.05,-0.2,AGM,0.09,7.21,0
2018,2018,1505,20728,7.24,0.53,0.05,-0.25,AGM,0.1,6.17,0
2017,2017,619,19785,14.38,0.45,0,-0.16,AGM,0.07,14.5,0
2016,2016,353,19226,27.39,0.5,0.21,-0.57,AGM,0.09,15.89,8.25
2015,2015,2602,21057,3.92,0.48,0.05,-0.14,AGM,0.09,3.72,3.04
2014,2014,285,18999,40.36,0.61,0.09,0.22,AGM,0.12,15,9.94
2013,2013,1758,20067,7.51,0.66,0.11,0.16,AGM,0.14,5.79,4.49
2012,2012,2820,19893,7.8,1.11,0.05,0,AGM,0.18,5.63,4.93
2025,2025,3781,21061,6.85,1.23,0,2.19,VGS,0.22,7.74,0
2024,2024,2025,19391,15.46,1.61,0,2.25,VGS,0.24,15.4,14.24
2023,2023,1163,18422,19.86,1.25,0,2.05,VGS,0.16,17.9,15.78
2022,2022,2231,19134,4.75,0.55,0,1.46,VGS,0.06,6.32,0
2021,2021,3062,19784,14.27,2.21,0.02,0.63,VGS,0.28,12.62,11.6
2020,2020,2444,17980,5.24,0.71,0.05,0.56,VGS,0.08,5.9,5.18
2019,2019,1820,16459,3.79,0.42,0,0.29,VGS,0.04,7.04,6.11
2018,2018,1179,16670,7.72,0.55,0,0.28,VGS,0.05,8.46,0
2017,2017,1897,15668,4.85,0.59,0.16,1,VGS,0.06,8.57,6.14
2016,2016,2237,15524,4.72,0.68,0.09,1.37,VGS,0.09,7.05,4.75
2015,2015,1275,14078,4.16,0,0.05,1.18,VGS,0,5.91,4.36
2014,2014,594,13233,12.46,0,0.03,0,VGS,0,13.9,9.95
2013,2013,350,12942,16.3,0,0.02,1.76,VGS,0,9.87,7.26
2012,2012,344,12769,13.65,0,0,1.75,VGS,0,7.58,6.02
2025,2025,6149,15438,3.32,1.32,0,0.77,BKC,0.93,3.27,0
2024,2024,4419,20015,3.24,0.71,0,0.25,BKC,0.3,0.97,0
2023,2023,437,15596,15.79,0.44,0,0.87,BKC,0.18,10.65,0
2022,2022,253,15159,26.1,0.44,0,0.69,BKC,0.32,12.87,0
2021,2021,386,11623,21.51,0.71,0,0.22,BKC,0.26,15.44,0
2020,2020,-1962,11237,-2.5,0.44,0,0.07,BKC,0.27,-32.57,0
2019,2019,1088,13199,5.42,0.45,0,0.05,BKC,0.29,7.59,0
2018,2018,-766,12111,-11.87,0.75,0,0.05,BKC,0.59,338.95,0
2017,2017,256,12877,32.44,0.64,0,0.38,BKC,0.53,16.31,0
2016,2016,204,12864,34.67,0.55,0,0.38,BKC,1.47,37.24,22.38
2015,2015,1893,12601,6.5,0,0,0.68,BKC,0,8,6.09
2014,2014,1309,10838,7.18,0,0,0,BKC,0,9.62,5.41
2013,2013,-3467,10198,-3.89,0,0,1.4,BKC,0,-4.87,-7.42
2012,2012,-3104,12281,-2.51,0,0,1.56,BKC,0,-3.64,-5.27
2025,2025,38,10277,1331.41,4.94,0,0,POB,0.21,915.66,0
2024,2024,128,10305,395.82,4.93,0,0,POB,0.23,303.46,0
2023,2023,314,10420,161.63,4.86,0,-0.29,POB,0.25,125.4,0
2022,2022,253,10388,200.81,4.89,0,-0.64,POB,0.27,155.19,0
2021,2021,246,10262,296.73,7.11,0,-0.62,POB,0.81,242.39,0
2020,2020,-67,10016,-188.72,1.26,0.01,0.93,POB,0.25,-196.89,0
2019,2019,231,10352,80.56,1.8,0.01,-0.05,POB,0.25,57.37,0
2018,2018,176,10362,79.01,1.34,0,0.37,POB,0.2,59.43,0
2017,2017,125,10196,80.99,0.99,0,0,POB,0.17,59.36,0
2016,2016,120,10213,0,0,0,0,POB,0,-1.04,0
2015,2015,45,10216,0,0,0,0,POB,0,-4.46,0
2025,2025,73,11623,108.99,0.69,0,-0.12,VNG,1.07,12.71,9.81
2024,2024,25,11551,354.12,0.75,0,-0.03,VNG,1.2,11.14,8.51
2023,2023,34,11504,292.34,0.87,0,0.83,VNG,1.31,15.21,11.79
2022,2022,27,11470,361.03,0.85,0,0.74,VNG,1.52,16.73,12.64
2021,2021,20,11435,707.03,1.21,0,0.44,VNG,7.38,32.04,19.49
2020,2020,203,11819,81.1,1.4,0,0.58,VNG,3.49,25.6,15.61
2019,2019,243,11400,82.47,1.75,0,0.34,VNG,2.03,24,12.49
2018,2018,610,12447,33.53,1.64,0.02,0.38,VNG,1.86,15.41,9.78
2017,2017,400,13218,40.26,1.22,0,0.85,VNG,1.31,15.84,9.84
2016,2016,451,13806,29.96,0.98,0,0.25,VNG,0.71,14.33,9.48
2015,2015,194,13344,72.01,0,0,-0.03,VNG,0,41.24,26.19
2014,2014,31,10731,446.1,0,0,0.4,VNG,0,37.06,24.16
2013,2013,35,10779,135.26,0.45,0,0.6,VNG,1.1,12.81,10.6
2012,2012,87,10827,63.04,0.51,0,0.4,VNG,1.34,14.02,9.54
2025,2025,-36,2906,-102.61,1.27,0,0.52,PVL,80.81,-103.13,0
2024,2024,-344,2942,-11.62,1.36,0,0.03,PVL,397.45,-11.45,0
2023,2023,-1776,3286,-1.63,0.88,0,0.27,PVL,-51.79,-1.47,0
2022,2022,1,5071,2393.37,0.55,0,2.19,PVL,50.55,1944.34,0
2021,2021,343,5063,46.67,3.16,0,1.18,PVL,33.7,43.72,0
2020,2020,13,4715,141.05,0.4,0,0.66,PVL,4.09,106.26,0
2019,2019,-145,4693,-11.06,0.34,0,-0.01,PVL,5.48,-8.58,0
2018,2018,484,5078,4.34,0.41,0,0.17,PVL,1.12,3.62,0
2017,2017,-3122,3860,-0.83,0.67,0,0.47,PVL,0.24,-0.63,0
2016,2016,132,6412,16.6,0.34,0,1.06,PVL,406.32,20.23,19.53
2015,2015,-470,6279,-3.4,0,0,1.69,PVL,0,-4.8,-4.94
2014,2014,81,6747,42.02,0,0,0,PVL,0,47.54,31.87
2013,2013,-3744,6631,-0.88,0,0,2.14,PVL,0,-1.01,-1.01
2012,2012,-526,10381,-6.84,0,0,1.69,PVL,0,-7.75,-8.22
2025,2025,5633,21774,6.46,1.67,0.08,1.33,IDC,1.61,6.84,5.18
2024,2024,6049,21841,9.21,2.55,0.07,1.32,IDC,2.08,6.7,4.67
2023,2023,4223,18803,12.34,2.77,0.08,1.37,IDC,2.38,9.2,6.65
2022,2022,5675,18569,5.59,1.71,0.08,1.08,IDC,1.4,5.02,3.66
2021,2021,1514,16760,47.94,4.33,0.03,0.67,IDC,5.06,27.92,19.69
2020,2020,1015,14631,34.98,2.43,0.01,0.1,IDC,2.34,16.81,10.83
2019,2019,1149,14109,16.21,1.34,0.05,0.08,IDC,1.15,9.85,6.39
2018,2018,1815,13945,12.59,1.65,0,0.96,IDC,1.66,15.6,9.55
2017,2017,1937,68682,14.35,0.4,0,0,IDC,0.31,4.5,3.09
2016,2016,7937,71972,0,0,0,0,IDC,0,0.36,0.25
2015,2015,4149,60306,0,0,0,0,IDC,0,11.64,7.01
2014,2014,2671,47115,0,0,0,0,IDC,0,19.05,10.87
2013,2013,3546,34247,0,0,0,0,IDC,0,1.08,0
2025,2025,457,11848,18.8,0.73,0.09,0.86,VLG,0.33,10.99,0
2024,2024,2014,12521,5.06,0.81,0,1.31,VLG,0.81,3.22,0
2023,2023,708,10507,5.08,0.34,0,1.45,VLG,0.36,3.69,0
2022,2022,-1608,9799,-2.36,0.39,0.08,1.31,VLG,0.24,-2.12,0
2021,2021,452,11843,22.79,0.87,0.03,0.55,VLG,0.23,12.15,0
2020,2020,303,11808,11.55,0.3,0,0.45,VLG,0.18,8.29,0
2019,2019,162,11559,30.27,0.42,0.14,0.32,VLG,0.08,14.54,0
2018,2018,1086,12283,4.79,0.42,0.13,0.46,VLG,0.04,3.56,0
2017,2017,1117,12090,5.37,0.5,0.12,0.66,VLG,0.03,5.7,0
2016,2016,949,11776,6.11,0.49,0.1,0.57,VLG,0.02,5.68,4.04
2015,2015,801,11483,9.99,0,0,0,VLG,0,7.79,5.63
2014,2014,735,11263,0,0,0,0,VLG,0,3.09,2.31
2013,2013,587,11120,0,0,0,0,VLG,0,0.32,0
2012,2012,654,11078,0,0,0,0,VLG,0,1.24,0.96
2024,2024,132,11454,47.74,0.55,0.02,1.64,PVO,0.11,10.81,0
2023,2023,152,11452,34.14,0.45,0.02,2.05,PVO,0.11,-6.38,0
2022,2022,116,11423,42.08,0.43,0,2.48,PVO,0.1,6.04,0
2021,2021,27,11312,369,0.88,0.01,2.12,PVO,0.27,167.69,0
2020,2020,163,11418,29.99,0.43,0,1.69,PVO,0.2,11.77,0
2019,2019,57,11266,56.23,0.28,0,0.74,PVO,0.12,15.56,0
2018,2018,23,11300,210.72,0.42,0.04,1.78,PVO,0.17,18.31,0
2017,2017,289,11535,16.59,0.42,0.23,-0.3,PVO,0.18,10.88,0
2016,2016,1968,12335,1.93,0.31,0,-0.62,PVO,0.14,0.12,0.11
2015,2015,11,10749,0,0,0,0,PVO,0,-8.88,0
2014,2014,292,10990,0,0,0,0,PVO,0,3.02,0
2013,2013,278,10973,0,0,0,0,PVO,0,-16.55,-10.84
2012,2012,170,10739,0,0,0,0,PVO,0,-22.55,-11.56
2025,2025,471,5729,29.29,2.41,0,0,TRV,0.35,19,0
2024,2024,11,5258,0,0,0,0,TRV,0,47.36,0
2024,2024,5004,23462,7.29,1.56,0.1,0.27,ACE,0.36,5.53,0
2023,2023,4874,23383,7.47,1.56,0.1,0.41,ACE,0.38,6.29,0
2022,2022,5656,23435,6.54,1.58,0.12,0.37,ACE,0.36,6.25,0
2021,2021,6302,23918,5.71,1.51,0.13,0.09,ACE,0.44,4.64,0
2020,2020,6251,23756,4.8,1.26,0.13,-0.15,ACE,0.31,2.66,0
2019,2019,5019,22911,5.18,1.13,0.13,1.13,ACE,0.28,4.75,0
2018,2018,4206,22686,4.78,0.89,0.17,0.71,ACE,0.25,5.02,0
2017,2017,4920,23373,5.47,1.15,0.11,0.18,ACE,0.32,3.92,0
2016,2016,6835,23029,3.99,1.19,0.15,0.34,ACE,0.3,3.26,2.64
2015,2015,6759,21973,2.6,0,0.11,0.03,ACE,0,2.46,1.98
2014,2014,4086,20866,4.85,0,0.1,0.01,ACE,0,4.56,3.46
2013,2013,3136,19436,4.15,0,0.15,-0.86,ACE,0,4.4,3.88
2012,2012,3491,19268,3.64,0,0.2,0,ACE,0,3.69,2.44
2024,2024,-1394,2829,-7.03,3.46,0,-1.63,GTD,1.16,-10.38,0
2023,2023,-539,4223,-21.33,2.72,0,-0.82,GTD,1.33,-38.01,0
2022,2022,13,4762,1418.51,3.76,0,-0.4,GTD,1.53,140.46,0
2021,2021,-83,4750,-216.26,3.79,0,-0.08,GTD,1.54,953.61,0
2020,2020,-1476,4833,-18.29,5.59,0,0.89,GTD,2.41,-22.09,0
2019,2019,-1421,6309,-10.98,2.47,0,0.68,GTD,0.87,-14.88,0
2018,2018,-1828,6422,-4.7,1.34,0,0.13,GTD,0.46,-7.99,0
2017,2017,-1837,8251,-4.88,1.09,0,-0.06,GTD,0.42,-8.25,0
2016,2016,49,10161,889.76,4.33,0,0,GTD,3.25,325.12,139.08
2015,2015,333,10000,0,0,0,0,GTD,0,2.08,0
2014,2014,229,10000,0,0,0,0,GTD,0,5.21,0
2013,2013,148,9962,0,0,0,0,GTD,0,10.29,0
2012,2012,270,10273,0,0,0,0,GTD,0,5.74,0
2025,2025,1659,9648,5.12,0.88,0,-0.4,NTT,0.13,9.31,0
2024,2024,1256,7989,6.93,1.09,0,-0.42,NTT,0.17,11.79,0
2023,2023,-701,6734,-9.69,1.01,0,0.06,NTT,0.2,60.34,0
2022,2022,66,7435,121.87,1.09,0,0.54,NTT,0.25,25.28,0
2021,2021,112,6693,78.25,1.31,0,0.3,NTT,0.26,24.28,0
2020,2020,-1383,6581,-3.98,0.84,0,0.01,NTT,0.12,217.49,0
2019,2019,-1642,7964,-5.84,1.21,0,0.08,NTT,0.17,96.26,0
2018,2018,-1741,9606,-5.74,1.04,0,0.07,NTT,0.21,168.44,0
2017,2017,16,11201,775.61,1.1,0,0,NTT,0.26,37.28,16.92
2016,2016,1017,12255,0,0,0,0,NTT,0,11.67,7.33
2015,2015,1534,12995,0,0,0,0,NTT,0,7.26,4.88
2014,2014,1481,12511,0,0,0,0,NTT,0,4.66,0
2013,2013,2205,12663,0,0,0,0,NTT,0,5.05,3.41
2012,2012,1352,10466,0,0,0,0,NTT,0,7.96,5.69
2024,2024,1600,22790,9.87,0.69,0.03,1.32,BSD,0.14,6.29,0
2023,2023,1039,22536,18.47,0.85,0.03,-0.3,BSD,0.19,12.43,0
2022,2022,1806,22832,11.24,0.89,0.05,-0.02,BSD,0.21,9.08,0
2021,2021,4271,22968,5.85,1.09,0.04,0.06,BSD,0.27,4.25,0
2020,2020,4115,20552,6.56,1.31,0.11,-0.03,BSD,0.32,5.58,0
2019,2019,4351,19440,8.16,1.83,0.08,-0.19,BSD,0.35,8.71,0
2018,2018,2448,19870,15.73,1.94,0.08,-0.14,BSD,0.41,13.68,0
2017,2017,4984,21898,8.33,1.9,0.07,0.36,BSD,0.43,7.31,0
2016,2016,3095,24707,0,0,0,0,BSD,0,-0.63,0
2015,2015,4503,25069,0,0,0,0,BSD,0,1.5,0
2014,2014,4529,29070,0,0,0,0,BSD,0,-1.42,0
2013,2013,6917,26907,0,0,0,0,BSD,0,-1.32,0
2012,2012,9392,23929,0,0,0,0,BSD,0,-1.05,0
2025,2025,1297,12716,8.29,0.85,0.05,1.09,IJC,4.25,10.67,0
2024,2024,1026,13637,13.49,1.02,0.05,1.34,IJC,5.13,13.79,0
2023,2023,1587,15183,8.79,0.92,0.1,2.01,IJC,2.35,7.42,0
2022,2022,2354,17578,5.14,0.69,0,2.01,IJC,1.33,4.76,0
2021,2021,2874,15402,10.89,2.03,0.05,1.58,IJC,2.61,8.77,0
2020,2020,2698,15101,9.08,1.62,0.04,1.47,IJC,1.57,7.65,0
2019,2019,2075,13365,7.71,1.2,0.08,0.77,IJC,1.37,6.61,0
2018,2018,1699,12668,4.44,0.6,0.13,0.73,IJC,0.83,7.09,0
2017,2017,1097,12117,8.99,0.81,0.08,0.76,IJC,1.39,10.42,0
2016,2016,467,10825,16.71,0.72,0.05,0.81,IJC,1.09,16.26,14.11
2015,2015,445,10789,16.18,0.67,0.11,1.01,IJC,2.88,17.17,14.7
2014,2014,840,11183,16.06,0,0.04,1.3,IJC,0,17.55,15.73
2013,2013,589,10969,15.28,0,0.07,1.62,IJC,0,14.33,12.3
2012,2012,670,10994,13.74,0.84,0.12,1.41,IJC,4.12,11.53,10.22
2025,2025,87,10798,442.99,3.57,0,0.01,KOS,5.37,80.43,52.33
2024,2024,99,10711,388.33,3.59,0,0.02,KOS,5.78,82.08,51.97
2023,2023,97,10654,407.52,3.72,0,0.09,KOS,6.52,68.13,46.56
2022,2022,100,10556,378.76,3.6,0,0.16,KOS,6.12,77.59,55.84
2021,2021,138,10456,233.26,3.07,0,0.22,KOS,6.29,145.35,129.27
2020,2020,211,11168,115.06,2.18,0,0.17,KOS,1.93,52.9,0
2019,2019,193,10957,142.73,2.52,0,0.21,KOS,2.69,83.99,0
2018,2018,652,10763,37.21,2.26,0,0.41,KOS,2.8,41.46,0
2017,2017,639,10823,39.44,2.33,0,0,KOS,2.57,33.2,0
2016,2016,513,10191,0,0,0,0,KOS,0,1.23,0
2015,2015,26,9282,0,0,0,0,KOS,0,114.81,0
2025,2025,1647,15867,4.8,0.5,0.04,0.44,THT,0.04,7.27,0
2024,2024,913,15002,13.48,0.82,0.08,0.7,THT,0.07,13.87,0
2023,2023,2904,16413,4.55,0.8,0.05,0.9,THT,0.07,7.67,0
2022,2022,2791,14382,3.12,0.6,0.14,0.75,THT,0.05,5.55,0
2021,2021,1675,14487,8.54,0.99,0.06,0.41,THT,0.1,8.39,0
2020,2020,1483,14548,5.73,0.58,0.12,0.14,THT,0.07,10.67,0
2019,2019,2654,14653,2.64,0.48,0.11,0.12,THT,0.07,6.23,0
2018,2018,3282,13417,2.44,0.6,0.09,0.05,THT,0.07,3.23,0
2017,2017,1170,11305,5.3,0.55,0.1,0.22,THT,0.07,5.89,0
2016,2016,1239,11015,5.24,0.59,0.15,0.21,THT,0.08,7.69,2.23
2015,2015,1876,18289,7.04,0,0.1,0.16,THT,0,2.86,0.84
2014,2014,2976,17907,5.24,0,0.08,0,THT,0,4.86,1.83
2013,2013,2195,16750,4.83,0,0.09,0.92,THT,0,5.3,2.35
2012,2012,1679,16618,6.19,0,0.29,1.14,THT,0,5.95,2.46
2024,2024,285,10322,21.44,0.59,0.03,1.11,MGC,0.2,18.03,0
2023,2023,527,10564,8.74,0.44,0.04,1.15,MGC,0.14,8.7,0
2022,2022,498,10535,8.03,0.38,0.03,0.97,MGC,0.13,12.25,0
2021,2021,249,10286,44.24,1.07,0.02,0.09,MGC,0.42,30.31,0
2020,2020,492,10529,11.38,0.53,0.04,0,MGC,0.15,13.53,0
2019,2019,427,10464,13.58,0.55,0.03,0,MGC,0.2,13.58,0
2018,2018,251,10288,23.47,0.57,0.11,0,MGC,0.2,16.32,0
2017,2017,904,10964,6.98,0.59,0.08,0.44,MGC,0.18,7.01,0
2016,2016,747,10747,9.38,0.65,0,0,MGC,0.18,10.37,3.51
2015,2015,905,10000,0,0,0,0,MGC,0,8.36,0
2014,2014,906,10000,0,0,0,0,MGC,0,5.98,0
2013,2013,487,12262,0,0,0,0,MGC,0,9.69,0
2012,2012,3150,11876,0,0,0,0,MGC,0,3.8,0
2024,2024,8706,82431,5.8,0.61,0.04,1.1,CCM,0.32,6.03,0
2023,2023,10897,76342,3.1,0.44,0.06,0.52,CCM,0.2,4.76,3.12
2022,2022,8550,68224,6.43,0.81,0.04,0.05,CCM,0.27,7.25,4.73
2021,2021,7545,62698,6.89,0.83,0.04,-0.25,CCM,0.34,7.72,4.94
2020,2020,12055,58085,3.33,0.69,0.02,-0.19,CCM,0.22,3.92,2.96
2019,2019,10193,46943,2.73,0.59,0.04,0.06,CCM,0.16,3.78,2.8
2018,2018,6766,37749,4.03,0.72,0.04,0.08,CCM,0.18,5.63,3.96
2017,2017,8196,31909,4.03,1.03,0,0.11,CCM,0.29,5.91,2.87
2016,2016,3154,29856,4.67,0.5,0,-0.13,CCM,0.2,6.2,4.97
2015,2015,762,26850,19.68,0,0,-0.09,CCM,0,11.28,8.42
2014,2014,668,25553,74.27,0,0.01,0,CCM,0,26,23.88
2013,2013,548,25207,21.89,0,0.03,1.16,CCM,0,11.3,8.1
2012,2012,1634,24822,5.38,0,0,1.6,CCM,0,5.17,4.14
2024,2024,97,18545,174.75,0.92,0,0.46,VMT,1.29,16.75,0
2023,2023,21,18448,1250.29,1.4,0,0.07,VMT,1.38,20.86,0
2022,2022,386,18570,0,0,0,0,VMT,0,13.94,0
2025,2025,3960,15180,3.08,0.8,0,0.5,MHC,12,2.36,0
2024,2024,284,13384,23.33,0.5,0,1.27,MHC,19.21,18.25,17.47
2023,2023,618,13098,15.2,0.72,0,1.91,MHC,2.96,7.17,0
2022,2022,-739,12497,-5.28,0.31,0.13,1.76,MHC,3.18,33.25,28.21
2021,2021,1168,13741,12.92,1.1,0,1.01,MHC,26.16,11.44,11.2
2020,2020,-28,12545,-285,0.64,0,0.72,MHC,14.64,18.87,18.07
2019,2019,231,12509,12.97,0.24,0,0.45,MHC,3.72,8.53,0
2018,2018,1007,13557,4.99,0.37,0.1,0.64,MHC,3.45,6.78,0
2017,2017,382,15037,17.82,0.45,0,1.36,MHC,3.16,14.6,0
2016,2016,2084,14812,3.03,0.43,0.16,0.82,MHC,2.88,2.37,2.31
2015,2015,4794,16250,3.19,0.94,0,0.86,MHC,5.27,3.43,3.37
2014,2014,5212,14613,3.07,1.09,0,0.59,MHC,3.11,3.1,2.99
2013,2013,1146,8292,3.49,0.48,0,0.17,MHC,0.85,2.41,2.08
2012,2012,289,7148,9.69,0.39,0,0.57,MHC,0.32,5.76,4.28
2025,2025,15,10944,407.06,0.58,0,0.4,VTD,1,35.22,0
2024,2024,-452,11884,-17.47,0.66,0,0.94,VTD,0.52,-550.87,0
2023,2023,56,12336,137.77,0.62,0,1.63,VTD,0.55,17.54,0
2022,2022,1403,12289,6.92,0.79,0,1.71,VTD,0.67,10.41,9.05
2021,2021,1812,12792,9.16,1.3,0,1.26,VTD,0.66,7.97,7.29
2020,2020,544,10960,21.53,1.07,0,0.28,VTD,0.67,9.62,0
2019,2019,1852,10417,15.93,2.83,0,0,VTD,1.22,31.95,0
2018,2018,1013,8632,0,0,0,0,VTD,0,-1.68,0
2017,2017,-125,7619,0,0,0,0,VTD,0,27.98,0
2024,2024,-231,-1946,-3.89,-0.46,0,1.84,LMH,0,-7.19,0
2023,2023,-2764,-1715,-1.09,-1.75,0,1.51,LMH,1.41,-1.4,0
2022,2022,-867,1049,-6.46,5.34,0,1.17,LMH,5.66,-9.97,0
2021,2021,-4402,1466,-2.14,6.41,0,0.09,LMH,10.95,-2.5,0
2020,2020,-3157,5867,-0.51,0.27,0,0.07,LMH,0.56,-1.25,0
2019,2019,-990,9680,-8.62,0.88,0,0.46,LMH,0.14,-33.09,-39.4
2018,2018,851,11848,11.75,0.84,0,0,LMH,0.08,9.77,9.49
2017,2017,547,10649,0,0,0,0,LMH,0,9.54,0
2016,2016,956,10793,0,0,0,0,LMH,0,7.92,0
2015,2015,25,9837,0,0,0,0,LMH,0,-39.22,0
2016,2016,2175,12890,1.56,0.26,0,0.54,TNM,0.09,5.23,0
2015,2015,324,10827,9.92,0.3,6.25,-0.03,TNM,0.02,21.46,14.66
2014,2014,230,10658,11.8,0.25,0,-0.04,TNM,0.09,23.26,12.79
2013,2013,40,10429,87.96,0.34,0,0.2,TNM,0.08,36.84,16.46
2012,2012,94,10202,31.1,0.28,0,0,TNM,0.04,8.73,6.5
2025,2025,2214,17613,9.03,1.14,0.06,-0.09,PGI,0.61,0,0
2024,2024,2094,17200,10.89,1.33,0.05,-0.28,PGI,0.74,0,0
2023,2023,2066,16814,11.47,1.41,0,0.11,PGI,0.81,0,0
2022,2022,1930,15154,13.89,1.77,0.07,0.2,PGI,0.97,0,0
2021,2021,3968,20040,7.35,1.45,0.01,0.19,PGI,0.85,0,0
2020,2020,1978,16679,10.95,1.3,0.11,0.32,PGI,0.66,0,0
2019,2019,1821,17332,10.71,1.13,0.06,0.2,PGI,0.66,0,0
2018,2018,1596,16792,11.34,1.08,0.07,0.01,PGI,0.67,0,0
2017,2017,1651,16546,13.75,1.37,0.05,0.23,PGI,0.86,0,0
2016,2016,1446,12882,15.14,1.7,0,0.32,PGI,0.75,0,0
2015,2015,1393,11552,11.99,1.45,0.08,0.44,PGI,0.61,0,6.76
2014,2014,1271,12300,8.34,0.86,0.12,0.44,PGI,0.42,0,3.38
2013,2013,949,11803,10.43,0.84,0.12,0.58,PGI,0.39,0,4.04
2012,2012,1428,12135,6.3,0.74,0.14,1,PGI,0.38,0,-0.83
2024,2024,972,14361,11.94,0.89,0,0.76,SBT,0.34,9.39,7.72
2023,2023,981,14758,12.52,0.88,0,1.22,SBT,0.34,8.39,6.9
2022,2022,705,15283,17.09,0.93,0,1.46,SBT,0.39,8.74,6.91
2021,2021,1406,15368,18.42,1.69,0,1.24,SBT,0.89,13.85,10.87
2020,2020,1098,13349,19.08,1.57,0.02,1.02,SBT,0.87,12.59,9.62
2019,2019,677,13025,27.32,1.42,0.02,0.57,SBT,0.84,15.22,10.96
2018,2018,519,11745,40.11,1.77,0.02,0.63,SBT,0.95,16.39,11.41
2017,2017,1709,10946,12.17,1.9,0,0.91,SBT,1.13,15.47,10.66
2016,2016,1746,12297,14.03,1.99,0,0.6,SBT,1.38,16.86,12.77
2015,2015,1968,13875,12.23,1.63,0.03,0.31,SBT,1.09,14.01,10.38
2014,2014,1312,12936,9.83,0,0.04,0.22,SBT,0,10.02,7.66
2013,2013,1760,12395,7,0,0.12,0.63,SBT,0,6.95,5.67
2012,2012,2886,11948,5.54,0,0.22,0.54,SBT,0,5.42,4.66
2024,2024,8761,26882,2.67,0.87,0.04,0.13,TMW,0.93,1.46,0
2023,2023,2167,19121,5.49,0.62,0.07,0,TMW,0.6,6.12,0
2022,2022,1325,17754,9.59,0.72,0.06,0.2,TMW,1.3,7.33,0
2021,2021,1926,17229,7.01,0.78,0.05,0.23,TMW,1.38,6.34,0
2020,2020,-1431,15303,-9.09,0.85,0,-0.21,TMW,0.77,-10.39,0
2019,2019,-343,17434,-41.41,0.81,0,0.5,TMW,0.39,-689.12,0
2018,2018,638,18340,23.51,0.82,0.3,0.49,TMW,0.31,20.38,0
2017,2017,2589,22768,5.79,0.66,0.07,0.64,TMW,0.25,6.56,0
2016,2016,216,21222,68.55,0.7,0.08,0.6,TMW,0.21,38.76,9.42
2015,2015,527,22333,34.92,0,0.09,0.03,TMW,0,24.17,8.46
2014,2014,2644,24035,3.82,0,0.15,0.02,TMW,0,4.9,3.27
2013,2013,2578,23615,2.25,0,0,0.23,TMW,0,3.63,2.43
2012,2012,2929,21037,0.61,0.09,1.11,0,TMW,0.03,3.23,0
2025,2025,4243,15836,3.75,1,0.02,1.28,LLM,0.23,-1.2,-1.16
2024,2024,1163,12273,14.36,1.36,0.03,1.1,LLM,0.22,-2.21,-2.03
2023,2023,53,11837,194.4,0.87,0.01,0.6,LLM,0.16,-4.26,-3.34
2022,2022,-317,12300,-28.74,0.74,0.01,0.3,LLM,0.25,-12.68,-9.04
2021,2021,189,13192,93.33,1.33,0.01,0.3,LLM,0.37,13.37,10.64
2020,2020,735,13800,24.51,1.3,0.02,0.77,LLM,0.24,12.39,10.21
2019,2019,-1059,14155,-20.59,1.54,0.02,-0.01,LLM,0.25,45.92,13.89
2018,2018,-2137,19840,-8.85,0.95,0.03,-0.04,LLM,0.11,16.55,7.9
2017,2017,3121,24230,4.33,0.56,0.02,0,LLM,0.06,3.17,2.43
2016,2016,2103,23415,0,0,0,0,LLM,0,6.67,4.99
2015,2015,790,24006,0,0,0,0,LLM,0,2.64,2
2014,2014,1849,13425,0,0,0,0,LLM,0,6.65,4.73
2013,2013,-244,7256,0,0,0,0,LLM,0,8.53,7.03
2012,2012,589,4816,0,0,0,0,LLM,0,6.67,5.16
2024,2024,1442,23304,0,0,0,0,HPO,0,-4.74,0
2025,2025,2923,16779,10.91,1.9,0.06,0.59,NBW,0.38,7.01,0
2024,2024,2780,16778,10.93,1.81,0.05,0.19,NBW,0.37,7.65,0
2023,2023,2324,16120,9.9,1.43,0.06,-0.45,NBW,0.28,6.59,0
2022,2022,1904,16688,9.45,1.08,0.07,-0.38,NBW,0.23,5.12,0
2021,2021,1678,15493,13.95,1.51,0.05,-0.38,NBW,0.34,8.76,0
2020,2020,1499,15350,12.87,1.26,0.05,-0.59,NBW,0.28,7.12,0
2019,2019,1245,15064,28.52,2.36,0.02,-0.37,NBW,0.58,20.2,0
2018,2018,1057,14934,14.76,1.04,0.05,-0.31,NBW,0.26,10.29,0
2017,2017,1066,14857,14.35,1.03,0.05,-0.28,NBW,0.28,8.97,0
2016,2016,1021,14816,21.55,1.48,0.05,-0.02,NBW,0.43,17.85,6.98
2015,2015,2307,15391,7.59,0,0.07,-0.02,NBW,0,4.42,2.85
2014,2014,2430,15110,6.3,0,0.08,0,NBW,0,3.69,2.57
2013,2013,2246,14495,5.43,0,0.11,1.94,NBW,0,3.06,2.01
2012,2012,2241,14026,7.45,0,0.07,0,NBW,0,4.08,2.81
2025,2025,197,9024,10.13,0.22,0,-0.02,KSQ,19.44,11.83,0
2024,2024,-148,8827,-20.25,0.34,0,1.68,KSQ,12.08,63.16,0
2023,2023,265,8975,7.18,0.21,0,1.77,KSQ,17.08,8.1,0
2022,2022,-2031,8710,-0.89,0.21,0,1.45,KSQ,0.95,-1.57,0
2021,2021,125,10741,73.53,0.86,0,0.84,KSQ,7.93,53.52,0
2020,2020,223,10616,8.5,0.18,0,0.8,KSQ,1.49,7.38,0
2019,2019,-34,10392,-41.57,0.13,0,0.59,KSQ,38.43,-51.18,0
2018,2018,128,10431,9.36,0.12,0,0.66,KSQ,264.55,12.23,0
2017,2017,-175,10303,-10.87,0.18,0,1.31,KSQ,9.93,-11.24,0
2016,2016,39,10478,42.93,0.16,0,2.2,KSQ,0.63,23.45,23.45
2015,2015,387,10886,7.5,0,0,1.98,KSQ,0,2.9,1.32
2014,2014,1295,10526,5.96,0,0,0,KSQ,0,13.21,9.99
2013,2013,57,10460,69.98,0,0,1.64,KSQ,0,21.44,4.48
2012,2012,537,10630,0,0,0,0,KSQ,0,1.1,0.5
2024,2024,3432,17907,3.93,0.75,0.07,0.23,BTU,0.46,1.37,0
2023,2023,2372,16073,5.9,0.87,0.07,0.28,BTU,0.49,1.95,0
2022,2022,1940,15173,4.64,0.59,0.13,0.57,BTU,0.41,-0.28,0
2021,2021,1836,14842,7.62,0.94,0.09,0.48,BTU,0.57,3.22,0
2020,2020,2248,14602,5.78,0.89,0.12,0.19,BTU,0.56,3.76,0
2019,2019,2519,14250,4.37,0.77,0.11,-0.87,BTU,0.49,1.63,0
2018,2018,2786,12718,3.8,0.83,0.1,-1.09,BTU,0.48,1.94,0
2017,2017,1810,11986,3.59,0.54,0.15,-0.26,BTU,0.34,1.36,0
2016,2016,1548,11529,8.66,1.16,0.06,0.2,BTU,0.87,5.5,4.17
2015,2015,1254,11064,0,0,0,0,BTU,0,-2.84,0
2014,2014,1592,10617,0,0,0,0,BTU,0,-0.35,0
2013,2013,6609,23619,0,0,0,0,BTU,0,-0.18,-0.16
2012,2012,6955,21013,0,0,0,0,BTU,0,-0.74,-0.65
2024,2024,226,11933,45.19,0.85,0.06,-0.52,VXT,0.38,19.91,0
2023,2023,1009,12623,14.87,1.19,0.11,-0.43,VXT,0.6,9.08,0
2022,2022,1858,13441,13.46,1.86,0.04,0.12,VXT,0.45,10.64,8.19
2021,2021,1690,13212,8.99,1.15,0.09,0.86,VXT,0.36,11.37,0
2020,2020,4110,14419,7.25,2.08,0,-0.15,VXT,0.51,7.38,0
2019,2019,1694,11972,0,0,0,0,VXT,0,3.47,0
2018,2018,2069,12080,0,0,0,0,VXT,0,3.2,0
2017,2017,1814,11873,0,0,0,0,VXT,0,3.66,0
2016,2016,22096,12317,0,0,0,0,VXT,0,0.29,0
2015,2015,7113,13589,0,0,0,0,VXT,0,1.27,0
2025,2025,283,11282,15.91,0.4,0,1.72,HSV,0.04,18.36,0
2024,2024,255,11000,15.3,0.35,0,1.38,HSV,0.07,16.45,0
2023,2023,231,10756,32.97,0.71,0,1.72,HSV,0.18,14,0
2022,2022,220,10525,16.8,0.35,0,1.37,HSV,0.08,15.94,0
2021,2021,1241,10828,11.69,1.34,0,0.12,HSV,0.55,20.31,0
2020,2020,498,10896,0,0,0,0,HSV,0,2.92,0
2019,2019,628,10398,0,0,0,0,HSV,0,1.89,0
2018,2018,65,8851,0,0,0,0,HSV,0,11.39,0
2017,2017,678,8786,0,0,0,0,HSV,0,7.26,0
2016,2016,-1384,8108,0,0,0,0,HSV,0,-1.71,0
2015,2015,-1225,8737,0,0,0,0,HSV,0,-7.04,0
2014,2014,-196,9804,0,0,0,0,HSV,0,49.99,0
2025,2025,90,2878,15.54,0.49,0,1.02,PXT,0.24,29.59,0
2024,2024,61,2788,45.87,1,0,1.21,PXT,0.56,47.75,0
2023,2023,51,2727,69.19,1.28,0,2.24,PXT,0.7,39.09,0
2022,2022,32,2677,94.75,1.12,0,-0.02,PXT,0.6,21.67,0
2021,2021,-527,2645,-15,2.99,0,-0.13,PXT,4.75,-31.29,0
2020,2020,-901,3172,-1.88,0.53,0,0.33,PXT,0.47,-6.39,0
2019,2019,-1090,4073,-1.18,0.32,0,0.77,PXT,0.24,-4.22,0
2018,2018,98,5163,16.47,0.31,0,1.03,PXT,0.18,9.27,0
2017,2017,1068,5065,4.29,0.9,0,0.97,PXT,0.43,4.97,0
2016,2016,1546,3996,3.01,1.16,0,0.75,PXT,0.21,2.69,2.07
2015,2015,1684,2450,2.79,1.92,0,0.92,PXT,0.31,1.58,1.19
2014,2014,-8048,1019,-0.5,3.93,0,0.83,PXT,0.43,-0.57,-0.62
2013,2013,-1795,8947,-1.89,0.38,0,1.16,PXT,0.19,-9.77,-86.25
2012,2012,236,10746,19.93,0.44,0.09,0.88,PXT,0.14,6.64,4.86
2025,2025,3754,13246,6.85,1.94,0.04,1.22,ANV,0.98,6.92,0
2024,2024,316,10504,62.6,1.89,0.03,1.2,ANV,1.07,39.96,0
2023,2023,297,21392,104.88,1.45,0.03,1.56,ANV,0.93,28.95,0
2022,2022,5300,22672,4.25,0.99,0.04,1.5,ANV,0.59,5.41,0
2021,2021,1013,18372,32.88,1.81,0.03,1.32,ANV,1.21,24.52,0
2020,2020,1590,18359,15.66,1.36,0.08,1.1,ANV,0.92,16.46,0
2019,2019,5542,18769,4.13,1.22,0.07,0.7,ANV,0.65,4.78,0
2018,2018,4813,14825,5.92,1.92,0.04,0.73,ANV,0.86,6.45,0
2017,2017,1738,11183,6.36,0.99,0.08,0.57,ANV,0.47,10.98,8.08
2016,2016,296,19953,18.73,0.28,0,0.7,ANV,0.13,16.42,9.46
2015,2015,23,19633,344.42,0.41,0.11,0.58,ANV,0.21,24.76,12.92
2014,2014,935,20497,10.48,0.48,0.09,0.38,ANV,0.23,16.57,9.39
2013,2013,103,20674,82.71,0.41,0.11,0.84,ANV,0.22,22.1,9.7
2012,2012,522,21467,18.79,0.46,0.09,1.03,ANV,0.37,15.36,6.69
2025,2025,1409,10566,13.84,1.85,0,3.74,TNV,2.1,13.25,0
2024,2024,182,9156,48.92,0.97,0,0,TNV,1.15,34.06,0
2023,2023,111,8974,0,0,0,0,TNV,0,8.31,0
2025,2025,-1101,6943,-2.36,0.37,0,0.22,HVX,0.25,-4.2,0
2024,2024,-1056,8044,-2.46,0.32,0,0.72,HVX,0.31,-4.73,0
2023,2023,-1544,8900,-1.96,0.34,0,1.2,HVX,0.24,-4.22,0
2022,2022,45,10680,63.66,0.27,0,1.3,HVX,0.16,20.59,0
2021,2021,21,10397,389.63,0.78,0.02,0.56,HVX,0.5,49.11,0
2020,2020,107,10576,31.63,0.32,0,0.39,HVX,0.22,17.62,0
2019,2019,122,10493,25.1,0.29,0.07,0.54,HVX,0.15,11.18,0
2018,2018,180,10630,23.41,0.4,0.07,0.37,HVX,0.18,13.69,0
2017,2017,4,10749,1152.7,0.42,0,-0.14,HVX,0.23,14.89,0
2016,2016,437,10786,13.51,0.56,0,0.03,HVX,0.27,10.57,5.72
2015,2015,203,10570,31.48,0.61,0,0.1,HVX,0.31,15.33,7.71
2014,2014,226,10283,23.86,0.53,0,0.26,HVX,0.18,12.79,7.21
2013,2013,-828,10235,-5.19,0.42,0,0.72,HVX,0.1,16.49,6.97
2012,2012,1027,11068,4.09,0.38,0.1,0.66,HVX,0.11,-1.58,-0.93
2025,2025,1941,24006,6.65,0.54,0.08,0.03,CST,0.06,7.67,0
2024,2024,3035,24986,8.04,0.98,0.08,1.25,CST,0.11,7.1,0
2023,2023,6546,25588,2.7,0.69,0.08,1.18,CST,0.1,2.57,0
2022,2022,8362,22921,1.75,0.64,0.1,1.17,CST,0.06,1.81,0
2021,2021,2500,17376,6.88,0.99,0.07,0.84,CST,0.08,8.36,0
2020,2020,1338,17153,0,0,0,0,CST,0,12.07,0
2019,2019,3162,13175,0,0,0,0,CST,0,4.12,0
2018,2018,2628,12641,0,0,0,0,CST,0,5.69,0
2017,2017,1332,11390,0,0,0,0,CST,0,6.96,0
2016,2016,45,10058,0,0,0,0,CST,0,13.92,0
2015,2015,1167,17922,0,0,0,0,CST,0,8.47,0
2014,2014,285,17692,0,0,0,0,CST,0,11.64,0
2013,2013,3443,17692,0,0,0,0,CST,0,5.77,0
2012,2012,2971,16989,0,0,0,0,CST,0,4.59,0
2024,2024,1580,13663,9.37,1.08,0.07,-0.04,TAW,0.32,2.05,0
2023,2023,1835,13214,5.5,0.76,0.1,0.19,TAW,0.16,0.36,0
2022,2022,1698,12991,11.72,1.53,0.05,0.05,TAW,0.33,6.98,0
2021,2021,1065,12359,23.47,2.02,0.04,-0.26,TAW,0.48,10.94,0
2020,2020,1602,12895,27.97,3.47,0.02,0.87,TAW,1.08,16.71,0
2019,2019,1361,12830,17.49,1.86,0.03,0.02,TAW,0.61,8.91,0
2018,2018,1288,12689,17.63,1.79,0.03,-0.33,TAW,0.55,7.32,0
2017,2017,757,11907,51.8,3.29,0.02,0.56,TAW,0.6,35.78,0
2016,2016,480,11979,28.14,1.13,0.04,0,TAW,1.66,18.94,8.52
2015,2015,1088,12238,0,0,0,0,TAW,0,-2.13,0
2013,2013,902,11794,0,0,0,0,TAW,0,-6.37,-3.05
2012,2012,726,11200,0,0,0,0,TAW,0,-4.53,-1.86
2025,2025,3473,16427,7.01,1.48,0.06,0.69,NT2,0.9,7.37,0
2024,2024,288,14552,72.76,1.44,0.03,0.82,NT2,1.01,50.19,0
2023,2023,1643,15062,14.91,1.63,0.1,0.75,NT2,1.1,15.07,0
2022,2022,3069,16027,9.4,1.8,0.06,0.66,NT2,0.95,8.92,0
2021,2021,1854,14706,14.18,1.79,0.08,0.51,NT2,1.23,13.27,0
2020,2020,2172,14928,11.33,1.65,0.1,0.51,NT2,1.16,11.11,0
2019,2019,2620,14336,8.26,1.51,0,0.57,NT2,0.81,8.61,0
2018,2018,2717,12795,9.05,1.92,0.29,0.66,NT2,0.92,10.73,0
2017,2017,2819,17317,11.88,1.93,0.08,0.51,NT2,1.43,13.55,0
2016,2016,3865,17230,7.06,1.58,0.12,0.21,NT2,0.97,8.53,5.56
2015,2015,4358,17408,6.1,1.53,0.08,0.17,NT2,1.04,8.69,5.8
2014,2014,6215,16589,3.31,1.24,0.02,0.16,NT2,0.75,6.65,4.55
2013,2013,32,10889,193.11,0.57,0,3.28,NT2,0.27,36.34,7.94
2012,2012,30,10869,156.62,0.43,0,0,NT2,0.22,29.03,7.83
2025,2025,4775,22442,18.51,3.94,0.01,1.21,MWG,0.84,15.31,0
2024,2024,2546,19242,23.96,3.17,0.01,1.33,MWG,0.66,18.73,0
2023,2023,115,15973,373.43,2.68,0.01,1.52,MWG,0.53,38.53,15
2022,2022,3646,16354,11.77,2.62,0.02,1.06,MWG,0.47,10.02,6.78
2021,2021,8867,28588,15.33,4.75,0,0.84,MWG,0.79,16.43,11.66
2020,2020,8655,34206,13.74,3.48,0.01,1.22,MWG,0.5,10.33,7.57
2019,2019,8660,27431,13.16,4.16,0.01,0.75,MWG,0.49,10.94,8.71
2018,2018,8659,20871,10.04,4.17,0.02,0.72,MWG,0.43,7.12,5.52
2017,2017,9260,18655,14.15,7.02,0.01,0.75,MWG,0.63,14.36,11.71
2016,2016,10734,24960,14.53,6.25,0.01,1.01,MWG,0.54,10,8.46
2015,2015,8368,16908,9.38,0,0,0.9,MWG,0,7.37,6.47
2014,2014,8530,13174,12.72,8.27,0,0,MWG,0.54,13.53,11.97
2013,2013,23328,73041,0,0,0,0,MWG,0,0.62,0.57
2012,2012,11907,43407,0,0,0,0,MWG,0,1.3,1.16
2025,2025,901,10513,7.43,0.64,0,1.09,WSS,4.16,0,7.27
2024,2024,-625,9611,-7.68,0.5,0,1.57,WSS,11.76,0,-4.97
2023,2023,33,10236,189.35,0.61,0,1.55,WSS,7.34,0,162.15
2022,2022,-370,10204,-14.6,0.53,0,1.88,WSS,7.82,0,-15.23
2021,2021,178,10573,101.61,1.71,0,1.63,WSS,24.73,0,79.92
2020,2020,213,10395,16.93,0.35,0,0.67,WSS,5.32,17.14,16.89
2019,2019,-1565,10183,-1.21,0.19,0,0.31,WSS,3.54,-0.75,-0.75
2018,2018,894,11771,3.35,0.25,0,0.47,WSS,1.65,3.1,3.08
2017,2017,301,10877,13.3,0.37,0,0.53,WSS,3.24,6,5.89
2016,2016,98,10576,43.49,0.41,0,0.87,WSS,5.64,31.21,26.67
2015,2015,139,10478,54.79,0,0,1.2,WSS,0,46.92,42.85
2014,2014,181,10339,29.28,0,0,0,WSS,0,23.22,21.28
2013,2013,15,10158,290.88,0,0,1.57,WSS,0,293.38,118.69
2012,2012,-24,10142,-198.23,0,0,1.63,WSS,0,-37.38,-93.71
2025,2025,1420,16116,13.95,1.23,0,0.79,CFV,0.66,13.44,0
2024,2024,3718,14697,6.8,1.72,0,-1.65,CFV,1.09,5.54,0
2023,2023,279,10979,83.38,2.12,0,-1.84,CFV,0.65,59.82,0
2022,2022,105,10697,145.33,1.42,0,-0.97,CFV,0.43,74.3,0
2021,2021,466,10593,45.68,2.01,0,0,CFV,0.77,33.24,0
2020,2020,156,10126,136.3,2.1,0,0,CFV,1.09,113.58,0
2019,2019,-410,19811,-52.01,1.08,0,0,CFV,3.27,-69.31,0
2018,2018,997,10000,0,0,0,0,CFV,0,-0.32,0
2017,2017,1040,10000,0,0,0,0,CFV,0,0.18,0
2016,2016,738,10000,0,0,0,0,CFV,0,0.22,0
2015,2015,635,10005,0,0,0,0,CFV,0,0.36,0
2014,2014,1442,10005,0,0,0,0,CFV,0,2.57,0
2025,2025,-1302,8940,-2.84,0.41,0,0.02,TNA,0.56,-112.4,0
2024,2024,-1243,10178,-2.98,0.36,0,0.04,TNA,0.15,-60.98,0
2023,2023,85,11815,69.44,0.5,0,0.97,TNA,0.06,7.59,7.54
2022,2022,317,11772,19.52,0.53,0,0.95,TNA,0.05,11.34,10.71
2021,2021,592,11724,28.55,1.44,0,0.69,TNA,0.15,16.04,14.88
2020,2020,1363,14363,9.65,0.92,0.04,0.55,TNA,0.1,10.57,9.96
2019,2019,4184,16327,5.04,1.29,0,0.44,TNA,0.16,6.4,6.18
2018,2018,4472,14855,2.53,0.76,0.13,0.52,TNA,0.08,14.57,13.08
2017,2017,9166,34030,3.85,1.04,0.06,0.19,TNA,0.1,6.41,6.12
2016,2016,12645,38600,4.55,1.49,0.05,0,TNA,0.16,6.66,6.34
2015,2015,6875,37268,5.45,1.01,0.05,-0.05,TNA,0.13,7.44,6.89
2014,2014,4822,34606,5.39,0.75,0.08,0.06,TNA,0.13,8.7,8.03
2013,2013,4343,32528,5.53,0.74,0.08,0.28,TNA,0.12,7.22,6.88
2012,2012,4771,30942,3.19,0.49,0.13,0.39,TNA,0.1,3.34,3.21
2025,2025,1624,12822,9.11,1.15,0.06,0.3,HWS,1.93,8.77,0
2024,2024,1545,12816,10.94,1.32,0.06,0.16,HWS,2.2,9.99,0
2023,2023,1464,12418,9.91,1.17,0.06,0.19,HWS,2.02,9.59,0
2022,2022,1352,12037,7.76,0.87,0.08,0.03,HWS,1.54,9.9,0
2021,2021,1159,11241,12.08,1.25,0.06,0.1,HWS,2.09,13.42,0
2020,2020,1091,11088,10.08,0.99,0.07,0.15,HWS,1.69,10.68,0
2019,2019,934,10934,12.64,1.08,0.03,2.36,HWS,1.82,14.04,0
2018,2018,735,10436,9.38,0.66,0.04,0,HWS,1.16,9.85,0
2017,2017,654,10650,0,0,0,0,HWS,0,0.9,0
2016,2016,743,22946,0,0,0,0,HWS,0,-2.65,0
2015,2015,505,15746,0,0,0,0,HWS,0,4.5,0
2014,2014,488,15562,0,0,0,0,HWS,0,-0.91,0
2013,2013,479,15857,0,0,0,0,HWS,0,-0.47,0
