time,open,high,low,close,volume,sma_20,sma_50,sma_200,rsi_14,macd,macd_signal,macd_hist,bb_upper,bb_lower,daily_return,volatility_20d,symbol
2025-02-11,38.4,38.7,38.15,38.5,5513100,38.5,38.5,38.5,,0.0,0.0,0.0,,,,,STB
2025-02-12,38.5,38.85,38.3,38.65,8553900,38.575,38.575,38.575,,0.011965811965815476,0.0023931623931630953,0.009572649572652381,,,0.3896103896103842,,STB
2025-02-13,38.5,38.8,38.4,38.8,4741600,38.65,38.65,38.65,,0.03317018530694327,0.00854856697591913,0.024621618331024137,,,0.38809831824062613,,STB
2025-02-14,39.3,39.3,38.25,38.25,8007000,38.55,38.55,38.55,,0.005530646639087422,0.00794498290855279,-0.002414336269465368,,,-1.4175257731958713,,STB
2025-02-17,38.25,38.5,38.1,38.3,6088300,38.5,38.5,38.5,,-0.012198685897146788,0.0039162491474128746,-0.016114935044559662,,,0.13071895424836555,,STB
2025-02-18,38.3,39.15,38.15,38.65,8042000,38.525,38.525,38.525,,0.00197005568725217,0.0035270104553807337,-0.0015569547681285635,,,0.9138381201044377,,STB
2025-02-19,38.65,39.1,38.5,38.75,7478000,38.55714285714286,38.55714285714286,38.55714285714286,,0.021025678801102288,0.0070267441245250445,0.013998934676577243,,,0.2587322121604174,,STB
2025-02-20,38.9,39.05,38.55,38.75,7041600,38.58125,38.58125,38.58125,,0.03571568917461576,0.012764533134543187,0.022951156040072574,,,0.0,,STB
2025-02-21,38.75,38.95,38.3,38.85,8170200,38.611111111111114,38.611111111111114,38.611111111111114,,0.05479514813763586,0.021170656135161725,0.03362449200247414,,,0.2580645161290418,,STB
2025-02-24,38.85,39.6,38.7,39.4,7261100,38.69,38.69,38.69,,0.11299363993899902,0.039535252895929185,0.07345838704306984,,,1.415701415701398,,STB
2025-02-25,39.5,39.7,39.25,39.25,6148600,38.74090909090909,38.74090909090909,38.74090909090909,,0.14533726012595594,0.06069565434193454,0.0846416057840214,,,-0.3807106598984755,,STB
2025-02-26,39.25,39.35,38.55,38.55,15149500,38.725,38.725,38.725,,0.11318098237924801,0.07119271994939724,0.041988262429850765,,,-1.7834394904458706,,STB
2025-02-27,38.55,38.65,38.1,38.3,12864400,38.69230769230769,38.69230769230769,38.69230769230769,,0.06675448576995535,0.07030507311350886,-0.003550587343553513,,,-0.6485084306095956,,STB
2025-02-28,38.25,38.7,38.25,38.25,5601900,38.660714285714285,38.660714285714285,38.660714285714285,41.096049678682036,0.025631111095783865,0.06137028070996387,-0.03573916961418001,,,-0.13054830287205776,,STB
2025-03-03,38.35,38.85,38.35,38.85,5444600,38.67333333333333,38.67333333333333,38.67333333333333,54.69552168587465,0.04098309833287317,0.05729284423454574,-0.01630974590167257,,,1.5686274509803866,,STB
2025-03-04,38.65,39.4,38.5,39.2,9150800,38.70625,38.70625,38.70625,60.43405199178272,0.0804641926259464,0.061927113912825876,0.01853707871312052,,,0.9009009009009139,,STB
2025-03-05,39.3,39.7,38.8,38.8,9606400,38.71176470588235,38.71176470588235,38.71176470588235,52.28327582817904,0.07857087114472705,0.06525586535920612,0.01331500578552093,,,-1.0204081632653184,,STB
2025-03-06,38.85,39.55,38.75,39.5,7514100,38.75555555555556,38.75555555555556,38.75555555555556,61.953822311374026,0.1320325609113553,0.07861120446963596,0.05342135644171933,,,1.804123711340222,,STB
2025-03-07,39.65,39.9,39.4,39.75,11663800,38.80789473684211,38.80789473684211,38.80789473684211,64.70500936293632,0.19235687556142977,0.10136033868799472,0.09099653687343505,,,0.6329113924050667,,STB
2025-03-10,40.0,40.3,39.2,40.0,15036900,38.8675,38.8675,38.8675,67.25500097648549,0.2573704340415617,0.13256235775870812,0.12480807628285356,39.87027247248763,37.86472752751237,0.6289308176100628,,STB
2025-03-11,39.4,39.9,39.4,39.9,5687100,38.9375,38.916666666666664,38.916666666666664,65.22505350538822,0.29739677833178746,0.165529241873324,0.13186753645846347,40.024201915260846,37.850798084739154,-0.2500000000000058,0.9409519298870112,STB
2025-03-12,40.0,40.05,39.3,39.75,10908500,38.9925,38.95454545454545,38.95454545454545,62.1927283526146,0.3134015007434243,0.19510369364734406,0.11829780709608026,40.12817740045083,37.85682259954917,-0.3759398496240518,0.9476501444072399,STB
2025-03-13,39.65,39.7,38.95,39.0,16107200,39.0025,38.95652173913044,38.95652173913044,49.74097966847512,0.2625402262711418,0.20859100017210364,0.05394922609903818,40.13455681464269,37.8704431853573,-1.8867924528301883,1.0480969998383343,STB
2025-03-14,38.8,39.05,38.35,38.85,12595200,39.0325,38.952083333333334,38.952083333333334,47.68468960783994,0.20773392602907848,0.2084195853434986,-0.000685659314420134,40.111132174757024,37.95386782524297,-0.38461538461538325,0.9971786478371535,STB
2025-03-17,39.0,39.2,38.5,38.85,5677600,39.06,38.948,38.948,47.68468960783994,0.1624271788191507,0.19922110403862905,-0.03679392521947836,40.086798806716146,38.03320119328386,0.0,0.9972749029882064,STB
2025-03-18,38.95,39.1,38.4,38.4,6627800,39.0475,38.926923076923075,38.926923076923075,41.68848099185117,0.08918198167383906,0.17721327956567107,-0.088031297891832,40.10105288629026,37.99394711370974,-1.158301158301167,1.0131661111222257,STB
2025-03-19,38.4,38.6,37.9,38.4,12163700,39.03,38.907407407407405,38.907407407407405,41.68848099185118,0.030779824575098758,0.1479265885675566,-0.11714676399245785,40.11550255157402,37.944497448425984,0.0,1.010967570969447,STB
2025-03-20,38.4,39.0,38.1,38.9,8974900,39.0375,38.90714285714286,38.90714285714286,49.81973586795651,0.024558421439898837,0.12325295514202506,-0.09869453370212622,40.11691260829554,37.95808739170446,1.302083333333326,1.0546930795312763,STB
2025-03-21,38.95,39.0,38.35,38.65,6529400,39.027499999999996,38.898275862068964,38.898275862068964,46.3402410375141,-0.0005387852493754508,0.09849460706374497,-0.09903339231312042,40.11787656460123,37.93712343539876,-0.6426735218509005,1.063394795831864,STB
2025-03-24,38.7,38.7,37.9,38.6,9208700,38.9875,38.888333333333335,38.888333333333335,45.65348359292961,-0.02418430290907736,0.07395882506918051,-0.09814312797825787,40.07903441009483,37.89596558990517,-0.1293661060801976,1.00826542745917,STB
2025-03-25,38.75,38.8,38.35,38.65,5559800,38.957499999999996,38.880645161290325,38.880645161290325,46.507222200896024,-0.03844578480303795,0.05147790309473683,-0.08992368789777477,40.05163508258687,37.86336491741312,0.12953367875647714,1.0071819188047095,STB
2025-03-26,38.65,39.2,38.45,38.6,10412200,38.959999999999994,38.871875,38.871875,45.73352229350732,-0.05316978589030441,0.03054836529772858,-0.083718151188033,40.05043689940268,37.869563100597304,-0.1293661060801976,0.9237206405699319,STB
2025-03-27,38.4,38.6,38.15,38.25,5286900,38.957499999999996,38.85303030303031,38.85303030303031,40.63718165998136,-0.09201998861234273,0.006034694515714319,-0.09805468312805704,40.05451748774623,37.86048251225376,-0.90673575129534,0.9351511879172069,STB
2025-03-28,38.25,38.7,37.95,38.25,6500900,38.957499999999996,38.83529411764706,38.83529411764706,40.63718165998136,-0.12140952078929956,-0.019454148545288458,-0.1019553722440111,40.05451748774623,37.86048251225376,0.0,0.9346649839483019,STB
2025-03-31,38.0,38.75,37.95,38.3,7858700,38.92999999999999,38.82,38.82,41.713311090297324,-0.13906331926652626,-0.04337598268953602,-0.09568733657699025,40.06527181998989,37.7947281800101,0.13071895424836555,0.860336911841616,STB
2025-04-01,38.65,39.7,38.3,39.7,12024400,38.955,38.84444444444445,38.84444444444445,62.31372433724296,-0.03962896400774696,-0.04262657895317821,0.00299761494543125,40.1363907950066,37.7736092049934,3.655352480417773,1.1833776055584302,STB
2025-04-02,39.65,39.75,39.25,39.25,8155200,38.9775,38.855405405405406,38.855405405405406,55.52115331835695,0.0028296216110419437,-0.03353533884033418,0.036364960451376126,40.16359265636108,37.791407343638916,-1.133501259445846,1.1891183875431517,STB
2025-04-03,38.1,38.5,36.55,36.55,90990400,38.83,38.794736842105266,38.794736842105266,32.57621063119551,-0.17932196654075483,-0.06269266438041832,-0.11662930216033651,40.41060614622166,37.24939385377834,-6.878980891719754,1.895683614697069,STB
2025-04-04,34.1,37.5,34.1,37.4,38581000,38.7125,38.758974358974356,38.758974358974356,40.86201819239006,-0.2521835017988181,-0.10059083186409828,-0.15159266993471981,40.35338390814219,37.071616091857805,2.3255813953488413,1.9787719567965316,STB
2025-04-08,36.0,36.9,34.8,34.8,50377200,38.4525,38.660000000000004,38.660000000000004,29.0870359923818,-0.5138022715673927,-0.18323311980475715,-0.3305691517626355,40.75066288186432,36.15433711813568,-6.951871657754016,2.4616064905091464,STB
2025-04-09,33.0,36.0,32.4,33.1,30887500,38.1125,38.52439024390244,38.52439024390244,24.180584610418947,-0.8485314812542555,-0.3162927920946568,-0.5322386891595987,41.3350970239773,34.8899029760227,-4.8850574712643535,2.6327902628094213,STB
2025-04-10,35.4,35.4,35.4,35.4,231100,37.894999999999996,38.45,38.45,39.138588720187094,-0.9176380531598696,-0.4365618443076994,-0.4810762088521702,41.23721798400875,34.55278201599124,6.9486404833836835,3.164652676670642,STB
2025-04-11,35.4,37.85,35.4,37.85,45803600,37.8375,38.43604651162791,38.43604651162791,50.370550277592734,-0.765882369574129,-0.5024259493609853,-0.26345642021314375,41.13899487672669,34.536005123273306,6.920903954802271,3.554668676426073,STB
2025-04-14,37.95,38.5,37.55,37.8,12950500,37.785,38.42159090909091,38.42159090909091,50.16707064937123,-0.642246066256817,-0.5303899727401516,-0.11185609351666537,41.051915493566554,34.51808450643344,-0.13210039630120463,3.5540132458556917,STB
2025-04-15,37.45,38.45,37.1,38.45,16839800,37.765,38.422222222222224,38.422222222222224,52.834522049356444,-0.4862091213072759,-0.5215538024535765,0.03534468114630063,41.00928242005109,34.52071757994891,1.719576719576743,3.5766955410928403,STB
2025-04-16,38.6,38.85,38.05,38.15,9915900,37.7525,38.41630434782609,38.41630434782609,51.465259141695725,-0.3823487328561299,-0.4937127885340872,0.11136405567795726,40.98839652427104,34.51660347572896,-0.7802340702210753,3.5711950884145387,STB
2025-04-17,38.0,38.5,37.95,38.3,12994500,37.747499999999995,38.41382978723404,38.41382978723404,52.1332305386808,-0.28465357115958057,-0.4519009450591859,0.1672473738996053,40.97949058753188,34.51550941246811,0.3931847968545288,3.5721142243781587,STB
2025-04-18,38.6,39.15,38.5,38.55,14439400,37.730000000000004,38.416666666666664,38.416666666666664,53.287148575995744,-0.18492484252371355,-0.39850572455209143,0.21358088202837788,40.939426904079845,34.52057309592016,0.6527415143603221,3.5630532863123263,STB
2025-04-21,38.55,41.2,37.85,40.45,34146600,37.82,38.458163265306126,38.458163265306126,60.9850178618042,0.04688455845908379,-0.30942766794985643,0.3563122264089402,41.2325773559769,34.4074226440231,4.928664072632949,3.7230976049405187,STB
2025-04-22,40.45,40.65,37.65,40.65,32019500,37.9225,38.501999999999995,38.501999999999995,61.70048308434142,0.24392172950304314,-0.19875778845927652,0.44267951796231964,41.55009525973075,34.294904740269246,0.49443757725586845,3.721977997084941,STB
2025-04-23,41.05,41.2,40.15,40.2,13621800,38.0,38.536,38.535294117647055,59.075469823758276,0.35961841075397416,-0.0870825486166264,0.44670095937060056,41.75695845626556,34.24304154373444,-1.1070110701106861,3.7356424409228546,STB
2025-04-24,40.2,40.45,39.5,40.2,13836900,38.08,38.567,38.56730769230769,59.075469823758276,0.4461657432354329,0.019567109753785464,0.42659863348164745,41.956976575686404,34.20302342431359,0.0,3.7350387977423147,STB
2025-04-25,40.2,40.5,39.15,39.15,23650700,38.125,38.574,38.57830188679245,52.97630017389392,0.42512828870396646,0.10067934554382166,0.32444894316014483,42.03106815366203,34.21893184633797,-2.6119402985074758,3.782468547568686,STB
2025-04-28,39.25,39.3,38.75,39.25,9043800,38.175,38.593999999999994,38.59074074074074,53.469021207061076,0.41177839368696567,0.16289915517245046,0.2488792385145152,42.11327373350304,34.23672626649695,0.25542784163474774,3.782244176190618,STB
2025-04-29,39.2,39.4,38.9,39.1,4551800,38.215,38.61,38.6,52.57905599208886,0.38466063099630077,0.20725145033722053,0.17740918065908023,42.17481126610322,34.25518873389679,-0.3821656050955413,3.7844569152527305,STB
2025-05-05,39.2,39.65,38.95,39.5,5168992,38.205,38.626999999999995,38.61607142857143,54.74235316591247,0.3909397556005274,0.2439891113898819,0.1469506442106455,42.15000350209971,34.25999649790029,1.0230179028132946,3.7017918700271952,STB
2025-05-06,39.4,39.7,38.85,38.85,8137000,38.185,38.629,38.62017543859649,50.69518932993313,0.33955229190753755,0.26310174749341303,0.07645054441412452,42.11171015375199,34.25828984624801,-1.6455696202531622,3.712091847618417,STB
2025-05-07,38.95,39.15,38.55,38.85,9006808,38.3,38.631,38.62413793103448,50.69518932993313,0.2954219167417165,0.26956578134307374,0.025856135398642732,42.159233629948616,34.44076637005138,0.0,3.3397833162866566,STB
2025-05-08,38.85,39.6,38.75,39.5,9551700,38.404999999999994,38.644,38.63898305084746,54.58885900185018,0.3093320568056299,0.277519036435585,0.03181302037004491,42.275386897564914,34.534613102435074,1.6731016731016624,3.3226981348188867,STB
2025-05-09,39.4,40.15,39.3,39.75,15287300,38.652499999999996,38.650999999999996,38.6575,56.02721092057032,0.3366481829889736,0.2893448657462627,0.04730331724271086,42.16914837444317,35.135851625556825,0.6329113924050667,2.847170435692953,STB
2025-05-12,39.8,40.05,39.75,40.0,17748531,38.997499999999995,38.666,38.67950819672131,57.47766676686648,0.3741562797652236,0.3063071485500549,0.06784913121516867,41.396946208037036,36.598053791962954,0.6289308176100628,2.5262710385332925,STB
2025-05-13,40.35,40.4,39.6,40.1,13378200,39.2325,38.696999999999996,38.70241935483871,58.07340404673608,0.40725628402280023,0.326496975644604,0.08075930837819623,40.98066445089375,37.484335549106255,0.24999999999999467,2.1017772999625888,STB
2025-05-14,40.2,40.3,39.7,40.0,11857000,39.339999999999996,38.731,38.723015873015875,57.21023451353482,0.4205710305605166,0.3453117866277865,0.07525924393273009,40.99198445258397,37.68801554741602,-0.24937655860349794,1.5005986830571005,STB
2025-05-15,40.2,41.1,40.05,40.7,18297100,39.485,38.78,38.75390625,61.521633092868676,0.48205043561929983,0.3726595164260892,0.10939091919321065,41.07579589481103,37.89420410518897,1.750000000000007,1.5316153078571686,STB
2025-05-16,40.7,40.75,39.8,39.8,8322100,39.552499999999995,38.799,38.77,53.989519164363784,0.45292973661270963,0.3887135604634133,0.06421617614929631,41.07132052576134,38.03367947423865,-2.211302211302224,1.6014624186952524,STB
2025-05-19,39.5,39.65,38.95,39.0,15035800,39.595,38.795,38.77348484848485,48.325817188480585,0.3611351178854676,0.38319787194782423,-0.022062754062356638,40.991197844523796,38.1988021554762,-2.010050251256279,1.6628964081876518,STB
2025-05-20,39.0,39.65,39.0,39.5,10361100,39.655,38.809,38.78432835820896,51.73380986745158,0.32498679702639777,0.371555656963539,-0.046568859937141216,40.91319419470097,38.39680580529903,1.2820512820512775,1.6822559427711574,STB
2025-05-21,39.5,42.25,39.5,41.8,39103400,39.8175,38.855,38.828676470588235,63.61974363762117,0.47643769325331675,0.39253206422149456,0.0839056290318222,41.295149271113196,38.33985072888681,5.822784810126569,2.104856985331256,STB
2025-05-22,41.75,42.0,41.0,41.1,9149500,39.85,38.882000000000005,38.86159420289855,58.86828900111882,0.5338258576105588,0.42079082289930747,0.11303503471125131,41.412386838007556,38.28761316199245,-1.674641148325351,1.865745881426687,STB
2025-05-23,41.1,41.8,40.8,41.8,10650200,39.9075,38.918,38.90357142857143,61.930248212765164,0.6285450649262216,0.46234167130469034,0.1662033936215313,41.66617025125004,38.14882974874996,1.703163017031617,1.8986178140787513,STB
2025-05-26,41.5,41.75,40.3,41.55,10359000,39.975,38.951,38.94084507042254,60.2064273425658,0.6756493434222364,0.5050032057281996,0.1706461376940368,41.87859770185999,38.071402298140015,-0.5980861244019087,1.8841480866649398,STB
2025-05-27,41.55,42.1,41.1,41.5,8067700,40.04,38.986,38.97638888888889,59.84762857779603,0.7008660933160158,0.5441757832457629,0.15669031007025291,42.06109923191897,38.018900768081025,-0.12033694344163459,1.88495155375198,STB
2025-05-28,41.7,41.7,41.05,41.05,7824600,40.135000000000005,39.027,39.00479452054795,56.57953382242896,0.6767382923118106,0.5706882850589725,0.10605000725283809,42.15857162098688,38.11142837901313,-1.0843373493976016,1.7948359135195113,STB
2025-05-29,41.15,41.4,40.75,41.3,7364400,40.2375,39.076,39.035810810810815,57.953235578578195,0.6700656471682152,0.5905637574808211,0.07950188968739402,42.27991214460288,38.19508785539711,0.6090133982947554,1.7966091390121615,STB
2025-05-30,41.35,41.35,40.55,40.7,8819800,40.3175,39.113,39.058,53.57260471112271,0.6093384676720319,0.5943186995190634,0.015019768152968571,42.29667446905211,38.3383255309479,-1.4527845036319431,1.8326504153070535,STB
2025-06-02,40.7,42.2,40.5,41.8,11981200,40.4325,39.181,39.09407894736842,59.60165205878404,0.6425654527656448,0.6039680501683796,0.038597402597265185,42.47784773777501,38.38715226222499,2.7027027027026973,1.908477800048397,STB
2025-06-03,41.9,42.0,41.55,41.6,5967100,40.57,39.245,39.12662337662338,58.12373559312343,0.6453208917675823,0.6122386184882203,0.033082273279362084,42.53559887753548,38.60440112246452,-0.4784688995215225,1.8631492184659055,STB
2025-06-04,41.7,41.75,41.0,41.0,7724000,40.6775,39.287,39.15064102564103,53.812693545415634,0.5922623793985267,0.6082433706702816,-0.015980991271754896,42.475005581574024,38.87999441842598,-1.4423076923076983,1.9052049143564227,STB
2025-06-05,41.0,41.9,41.0,41.35,10652000,40.77,39.341,39.178481012658224,55.86893733175452,0.5718631189453021,0.6009673203252857,-0.029104201379983596,42.501564549612276,39.03843545038773,0.8536585365853666,1.8824953059788023,STB
2025-06-06,41.3,42.45,41.1,41.75,15985000,40.870000000000005,39.403999999999996,39.210625,58.161417360712065,0.5812726656677611,0.5970283893937808,-0.015755723726019633,42.58445863789504,39.15554136210497,0.96735187424426,1.8875946141109436,STB
2025-06-09,41.95,42.2,41.6,41.95,7225300,40.9675,39.47,39.24444444444445,59.29986156323282,0.5979750436905675,0.5972177202531381,0.0007573234374294024,42.69537517824038,39.23962482175962,0.47904191616767733,1.8863599050241928,STB
2025-06-10,42.1,44.0,42.0,42.9,15151600,41.1075,39.556,39.2890243902439,64.27278972279404,0.6800298977689394,0.6137801557562984,0.066249742012641,42.98654651072664,39.22845348927336,2.264600715137055,1.9391350079891012,STB
2025-06-11,43.15,43.3,42.6,42.85,6729600,41.25,39.647999999999996,39.331927710843374,63.830733795261246,0.7325796564027769,0.6375400558855941,0.09503960051718274,43.20609708078969,39.29390291921031,-0.11655011655010705,1.9371803297745258,STB
2025-06-12,43.2,45.75,43.2,45.0,20238200,41.464999999999996,39.782999999999994,39.39940476190476,72.56777281908226,0.9369126051170014,0.6974145657318755,0.23949803938512582,44.020098102967815,38.90990189703218,5.017502917152861,2.1826133720639724,STB
2025-06-13,44.7,45.2,44.25,44.9,13819300,41.72,39.915,39.46411764705882,71.70022915046856,1.0783482474986172,0.7736013020852239,0.3047469454133933,44.57572370770303,38.86427629229697,-0.22222222222222365,2.0948910764374973,STB
2025-06-16,44.6,45.5,44.55,45.5,8042500,42.045,40.031,39.53430232558139,73.72955120913726,1.2247340271708325,0.8638278471023456,0.36090618006848685,45.07170569570637,39.01829430429363,1.3363028953229383,2.0050549777448268,STB
2025-06-17,45.55,46.4,45.5,46.0,8798900,42.37,40.166,39.60862068965517,75.31792654582264,1.3653526975445587,0.9641328171907884,0.4012198803537703,45.63277247299388,39.10722752700612,1.098901098901095,2.003118347916363,STB
2025-06-18,46.0,47.8,45.7,47.2,12882100,42.64,40.379,39.694886363636364,78.65375067428194,1.5556909413126405,1.0824444420151589,0.47324649929748164,46.53636807944612,38.74363192055388,2.60869565217392,1.6804776000234642,STB
2025-06-19,47.2,47.45,46.7,47.15,8489700,42.9425,40.574,39.778651685393264,78.17963036435248,1.6830990702897637,1.2025753676700799,0.4805237026196838,47.25286388743521,38.632136112564794,-0.10593220338983578,1.6024096944680415,STB
2025-06-20,47.3,47.5,46.15,46.6,10921500,43.1825,40.81,39.85444444444445,72.96906025127313,1.7198649939010195,1.306033292916268,0.41383170098475164,47.75176517183306,38.61323482816694,-1.166489925768821,1.6360741852026475,STB
2025-06-23,46.25,47.2,46.15,46.45,6599000,43.4275,41.077,39.926923076923075,71.56810456072276,1.7171047916716446,1.3882475926673434,0.3288571990043012,48.1510663377758,38.7039336622242,-0.32188841201716833,1.626946759660273,STB
2025-06-24,46.85,47.2,46.15,46.5,10511600,43.6775,41.299,39.99836956521739,71.76271761658958,1.6993626982820018,1.4504706137902752,0.24889208449172662,48.49975924339688,38.85524075660312,0.10764262648008671,1.6226386380378504,STB
2025-06-25,46.5,47.35,46.45,46.8,6595600,43.964999999999996,41.478,40.071505376344085,72.95871285975609,1.690027865019104,1.4983820640360412,0.19164580098306283,48.81323353615034,39.11676646384965,0.6451612903225712,1.5744910884730428,STB
2025-06-26,47.0,47.2,46.2,46.8,9650400,44.239999999999995,41.658,40.143085106382976,72.95871285975609,1.6634546724055,1.531396585709933,0.13205808669556696,49.07567880174898,39.40432119825101,0.0,1.581589452854408,STB
2025-06-27,47.05,47.1,46.35,46.35,5470600,44.522499999999994,41.816,40.20842105263158,67.95182025578295,1.587781035202191,1.5426734756083849,0.04510755959380619,49.14276144167989,39.9022385583201,-0.961538461538447,1.5509152342497214,STB
2025-06-30,46.6,47.05,46.35,46.7,6020920,44.7675,41.986999999999995,40.276041666666664,69.69387476479207,1.538318430154547,1.5418024665176173,-0.0034840363630703752,49.29871048077143,40.23628951922856,0.7551240560949246,1.475431611322683,STB
2025-07-01,46.8,46.95,46.45,46.95,6104200,45.035,42.16,40.34484536082474,70.91021623237538,1.5019780024943827,1.5338375737129706,-0.031859571218587845,49.407774621991976,40.66222537800802,0.5353319057815886,1.4549344240568134,STB
2025-07-02,47.3,48.1,47.0,47.55,9449300,45.3625,42.34,40.41836734693877,73.64420739218076,1.5042528468917595,1.5279206283487283,-0.023667781456968795,49.43356283807793,41.29143716192206,1.2779552715654896,1.3774125751842883,STB
2025-07-03,47.4,47.7,46.4,46.65,14989200,45.6275,42.464000000000006,40.48131313131313,63.937184314429885,1.4170977780077365,1.50575605828053,-0.08865828027279354,49.26581583363283,41.98918416636717,-1.8927444794952675,1.4983977251096456,STB
2025-07-04,46.7,47.2,46.2,47.05,9440800,45.8925,42.592,40.547,66.07731296312153,1.3645734616113359,1.4775195389466913,-0.11294607733535544,49.08661877312699,42.698381226873,0.8574490889603492,1.4972398033445071,STB
2025-07-07,47.1,48.5,47.1,47.55,8252600,46.1725,42.739,40.616336633663366,68.58681159854544,1.3477572768379673,1.4515670865249466,-0.10380980968697928,48.851752645205806,43.49324735479419,1.0626992561105109,1.500241748161518,STB
2025-07-08,47.7,48.05,47.2,47.65,6020400,46.410000000000004,42.888000000000005,40.685294117647054,69.0794838831816,1.3272003539888715,1.4266937400177317,-0.09949338602886026,48.67845646571458,44.141543534285425,0.2103049421661396,1.4526559371462977,STB
2025-07-09,48.0,48.1,47.35,47.8,9776500,46.6575,43.06099999999999,40.75436893203884,69.84350080706545,1.3079355243608006,1.4029420968863455,-0.0950065725255449,48.27818049385376,45.03681950614624,0.31479538300105414,1.445638393917526,STB
2025-07-10,47.9,47.9,47.25,47.65,8376100,46.79,43.229,40.82067307692308,68.0331550045654,1.2659709367677436,1.3755478648626254,-0.10957692809488173,48.267052541559195,45.3129474584408,-0.3138075313807498,1.004141506275518,STB
2025-07-11,47.8,48.5,47.35,47.65,10780900,46.9275,43.4,40.885714285714286,68.0331550045654,1.218665679402605,1.3441714277706214,-0.12550574836801642,48.15459541515519,45.70040458484481,0.0,0.9993785011328544,STB
2025-07-14,47.75,48.1,47.2,47.95,8661400,47.05,43.568999999999996,40.952358490566034,69.84607544671812,1.191646851787155,1.3136665125739282,-0.12201966078677318,48.160713379106625,45.93928662089337,0.6295907660021083,0.9730449826581121,STB
2025-07-15,48.2,49.2,47.7,47.7,9831600,47.135000000000005,43.746,41.01542056074766,66.46336567386916,1.1369552136065337,1.2783242527804495,-0.14136903917391574,48.16461413313826,46.10538586686175,-0.5213764337851923,0.9675778171691533,STB
2025-07-16,47.8,48.15,47.25,47.8,9529800,47.165,43.925,41.07824074074074,67.14872702034984,1.089126092939594,1.2404846208122784,-0.15135852787268433,48.236693200402804,46.093306799597194,0.20964360587001352,0.7824218626520744,STB
2025-07-17,48.05,48.4,47.6,47.7,9050500,47.1925,44.089000000000006,41.13899082568807,65.70272728887912,1.0312642338080593,1.1986405434114347,-0.16737630960337535,48.290476607938025,46.09452339206198,-0.20920502092048876,0.7839561999470442,STB
2025-07-18,48.0,50.5,47.4,50.2,26073200,47.3725,44.298,41.22136363636364,78.2896936621267,1.1736087688610368,1.1936341885013553,-0.020025419640318454,49.0752763706433,45.6697236293567,5.2410901467505155,1.3563063966037536,STB
2025-07-21,50.7,50.8,49.15,49.5,10525200,47.525,44.488,41.29594594594595,70.48912410068428,1.2159173502403107,1.1980908208491463,0.01782652939116436,49.4158366290864,45.6341633709136,-1.394422310756982,1.4058711024166506,STB
2025-07-22,49.2,49.5,48.7,49.5,9543900,47.675,44.675999999999995,41.369196428571435,70.48912410068428,1.23520849120424,1.2055143549201652,0.0296941362840748,49.69503126604256,45.65496873395743,0.0,1.4069634525314845,STB
2025-07-23,49.7,49.7,48.5,48.7,15205900,47.769999999999996,44.85,41.434070796460176,62.266047554250086,1.1724285191252193,1.198897187761176,-0.02646866863595676,49.79546940628327,45.744530593716725,-1.6161616161616155,1.4691405217212319,STB
2025-07-24,48.8,49.5,48.5,49.0,10168300,47.88,45.016000000000005,41.50043859649123,63.96377309728535,1.1338125464806907,1.185880259505079,-0.052067713024388285,49.92254742906989,45.83745257093012,0.6160164271047153,1.4709792629963523,STB
2025-07-25,49.45,49.5,48.8,48.8,7947800,48.002500000000005,45.196,41.563913043478266,61.96227150575922,1.074682510403285,1.1636407096847203,-0.08895819928143522,49.95036657924158,46.05463342075843,-0.40816326530612734,1.4522738679574647,STB
2025-07-28,48.8,49.3,48.35,49.1,15097200,48.122499999999995,45.397999999999996,41.62887931034483,63.79246403774941,1.040040088856557,1.1389205855190878,-0.09888049666253074,50.02774898220953,46.21725101779046,0.6147540983606703,1.450131921423499,STB
2025-07-29,49.1,50.8,48.0,48.0,24137000,48.175,45.56799999999999,41.68333333333333,53.60741382102204,0.9132969940395341,1.0937958672231771,-0.180498873183643,50.000405506499256,46.34959449350074,-2.2403258655804503,1.5517255890070962,STB
2025-07-30,48.85,50.3,48.1,49.3,17249500,48.2625,45.718,41.7478813559322,61.44241359298686,0.9072926092793097,1.0564952156344036,-0.14920260635509397,50.1290687630967,46.39593123690331,2.708333333333335,1.6383569283577541,STB
2025-07-31,49.9,50.7,49.25,49.95,18161500,48.427499999999995,45.895,41.81680672268907,64.65648032212692,0.9441006541619856,1.0340163033399201,-0.08991564917793449,50.27724393675957,46.57775606324042,1.3184584178498993,1.5794414473447478,STB
2025-08-01,50.3,50.8,49.1,49.4,13980500,48.545,46.047,41.88,60.091957173213274,0.9183052402762044,1.0108740907271772,-0.09256885045097274,50.3234972959155,46.7665027040845,-1.1011011011011096,1.6070579321936629,STB
2025-08-04,48.9,50.0,48.5,50.0,10261900,48.667500000000004,46.215999999999994,41.94710743801653,63.14837836547585,0.9354933890520059,0.995797950392143,-0.060304561340137175,50.494281754602106,46.8407182453979,1.2145748987854255,1.6114230475965832,STB
2025-08-05,50.4,53.5,49.65,51.7,34970000,48.87,46.42,42.02704918032787,70.12888000583861,1.0739115296706316,1.0114206662478409,0.062490863422790754,51.07964393416432,46.66035606583568,3.400000000000003,1.757122929325632,STB
2025-08-06,52.6,54.1,52.2,54.1,12203200,49.185,46.681000000000004,42.12520325203252,76.8079521207275,1.3615734742616254,1.0814512278505979,0.28012224641102756,52.34446364535429,46.025536354645716,4.642166344293996,1.9935992635905666,STB
2025-08-07,54.8,55.2,52.9,54.6,14247000,49.5325,46.946999999999996,42.225806451612904,77.91582335098038,1.6113191747330617,1.1874248172270907,0.42389435750597104,53.424904885090086,45.64009511490991,0.9242144177449063,1.9816254167118081,STB
2025-08-08,54.4,54.4,52.5,54.0,15418000,49.85,47.213,42.32,73.38552778686318,1.7407630235385128,1.2980924584893752,0.4426705650491376,54.114047990250256,45.58595200974975,-1.098901098901106,2.0170157607032775,STB
2025-08-11,53.6,53.8,52.7,53.7,11099300,50.1375,47.45099999999999,42.41031746031746,71.15772066136572,1.7984097652118578,1.3981559198338718,0.40025384537798603,54.631340814176355,45.64365918582365,-0.5555555555555536,2.034867453908636,STB
2025-08-12,53.6,54.8,53.0,54.0,7085300,50.4525,47.699,42.5015748031496,72.07080372662145,1.8470115170617802,1.4879270392794537,0.35908447778232655,55.107262699587686,45.797737300412315,0.5586592178770999,2.018161882598458,STB
2025-08-13,54.4,54.4,52.9,53.9,8805500,50.75750000000001,47.957,42.590625,71.26096998504937,1.8560640403964896,1.561554439502861,0.29450960089362854,55.479372398463084,46.03562760153693,-0.18518518518518823,2.02452658964595,STB
2025-08-14,54.3,56.3,53.7,55.4,16179400,51.1425,48.238,42.689922480620154,75.67611855962456,1.9616628659106183,1.6415761247844127,0.3200867411262056,56.06604974639863,46.21895025360136,2.782931354359919,2.069957366932125,STB
2025-08-15,55.9,56.0,53.0,53.9,13248000,51.3275,48.481,42.776153846153846,64.93314857881617,1.9023837364312541,1.6937376471137813,0.20864608931747286,56.378344119133786,46.276655880866215,-2.7075812274368283,1.9245040119990777,STB
2025-08-18,53.9,53.9,52.2,52.8,12871600,51.49249999999999,48.69799999999999,42.85267175572519,58.38724496708155,1.7465110995293998,1.704292337596905,0.04221876193249474,56.50745395371617,46.47754604628381,-2.0408163265306145,1.9608437519822197,STB
2025-08-19,52.7,53.9,52.3,53.2,10619300,51.677499999999995,48.904,42.931060606060605,59.96764234878697,1.6363942347256142,1.690712717022647,-0.054318482297032844,56.65581878195195,46.69918121804804,0.7575757575757791,1.9612205638801026,STB
2025-08-20,53.4,54.4,51.7,54.1,25005100,51.947500000000005,49.129,43.015037593984964,63.341179665989024,1.6032668422471517,1.673223542067548,-0.06995669982039643,56.830712380994036,47.064287619005974,1.6917293233082775,1.9232035966810026,STB
2025-08-21,54.8,57.8,54.7,57.8,26950700,52.3875,49.385,43.125373134328356,73.3020312453743,1.8541981804221734,1.7094184697384733,0.1447797106837001,57.7178377003712,47.05716229962881,6.839186691312382,2.3836724513947782,STB
2025-08-22,57.4,59.1,54.6,55.5,21576300,52.722500000000004,49.59700000000001,43.21703703703704,62.02058810257421,1.8461905601271411,1.736772887816207,0.10941767231093413,57.944566035986995,47.50043396401301,-3.979238754325254,2.6066512789901033,STB
2025-08-25,56.2,56.5,51.7,53.0,22715200,52.917500000000004,49.74700000000001,43.288970588235294,52.552932332139214,1.6194473754500933,1.7133077853429843,-0.09386040989289102,57.85343429539124,47.98156570460877,-4.504504504504503,2.852826359282645,STB
2025-08-26,52.5,55.0,52.4,55.0,12289300,53.267500000000005,49.92700000000001,43.37445255474453,58.067730447012934,1.582888499985735,1.6872239282715347,-0.10433542828579956,57.70256067127531,48.8324393287247,3.7735849056603765,2.87438581107624,STB
2025-08-27,55.3,56.4,54.1,55.6,15918500,53.5825,50.095,43.463043478260865,59.58535703237813,1.5840701388670908,1.666593170390646,-0.08252303152355522,57.71571271753816,49.449287282461846,1.090909090909098,2.838080477701029,STB
2025-08-28,55.9,56.2,54.4,54.8,8394200,53.825,50.24799999999999,43.54460431654676,56.6417705668675,1.5031261791431874,1.6338997721411543,-0.13077359299796698,57.615778284204715,50.03422171579529,-1.4388489208633115,2.8702310996247316,STB
2025-08-29,55.2,55.8,54.3,55.6,13870300,54.135000000000005,50.428000000000004,43.630714285714284,58.8319621371578,1.4863965676313597,1.6043991312391954,-0.11800256360783568,57.376360987707095,50.893639012292915,1.4598540145985384,2.851959958165196,STB
2025-09-03,56.0,56.3,55.2,56.3,7512300,54.45,50.625,43.720567375886525,60.702507069495525,1.5121907857616321,1.585957462143683,-0.07376667638205081,57.1841889974327,51.71581100256731,1.2589928057553879,2.852455378057729,STB
2025-09-04,56.7,56.8,55.7,56.4,7720900,54.68499999999999,50.823,43.809859154929576,60.97530067476773,1.5231441955701257,1.5733948088289718,-0.050250613258846055,57.22501657682071,52.14498342317927,0.1776198934280604,2.7779998771943615,STB
2025-09-05,56.9,57.1,54.8,56.0,11299600,54.779999999999994,51.007,43.89510489510489,59.20489959943902,1.4824593263822479,1.555207712339627,-0.0727483859573792,57.36953358937936,52.19046641062063,-0.7092198581560294,2.607732874273859,STB
2025-09-08,55.7,56.2,53.9,54.0,11396400,54.75,51.151,43.96527777777778,51.20021560531163,1.2741454336979174,1.4989952566112852,-0.22484982291336775,57.362117511662625,52.137882488337375,-3.57142857142857,2.7331944095737915,STB
2025-09-09,53.9,54.3,53.1,54.2,6237400,54.760000000000005,51.30799999999999,44.035862068965514,51.90055934694538,1.1123707834899932,1.4216703619870268,-0.3092995784970336,57.36153800664101,52.158461993359,0.37037037037037646,2.722393879391561,STB
2025-09-10,54.5,54.9,53.4,53.9,7469300,54.77,51.452,44.10342465753425,50.72461160729696,0.9490160486149577,1.327139499312613,-0.3781234506976554,57.35587254947009,52.184127450529914,-0.5535055350553542,2.7223697812756598,STB
2025-09-11,54.2,55.7,52.6,55.4,12854900,54.839999999999996,51.621,44.18027210884354,56.08266073662856,0.9298746916773624,1.247686537785563,-0.3178118461082007,57.41387686287841,52.26612313712158,2.782931354359919,2.788714535204661,STB
2025-09-12,55.9,55.9,55.1,55.4,6397200,54.915,51.778,44.25608108108108,56.08266073662856,0.9042810394706677,1.179005438122584,-0.27472439865191634,57.46081183411785,52.36918816588215,0.0,2.7877987266342847,STB
2025-09-15,55.2,56.0,54.5,56.0,8931100,54.94500000000001,51.965,44.33489932885906,58.1916252800404,0.9217870835882778,1.1275617672157228,-0.205774683627445,57.528734547225,52.361265452775015,1.0830324909747224,2.7293727795588256,STB
2025-09-16,56.4,56.9,55.9,56.1,6628000,55.05499999999999,52.146,44.413333333333334,58.54890037794629,0.9329751570868083,1.08864444518994,-0.15566928810313163,57.63873454722498,52.47126545277501,0.17857142857142794,2.6488380438461747,STB
2025-09-17,56.3,56.6,55.5,56.2,8281600,55.225,52.318999999999996,44.49139072847682,58.9268916019444,0.9390857541915096,1.058732706990254,-0.11964695279874427,57.62489034837179,52.82510965162821,0.17825311942958333,2.5944835378832276,STB
2025-09-18,56.5,57.3,55.8,57.0,8193300,55.415,52.50599999999999,44.57368421052632,61.91868926835021,0.9969890909066876,1.0463839837735407,-0.04939489286685306,57.74039753251095,53.08960246748905,1.4234875444839812,2.604320678174604,STB
2025-09-19,57.4,57.5,55.2,55.2,14993400,55.470000000000006,52.654,44.64313725490196,52.62962214304447,0.8874035103740567,1.014587889093644,-0.1271843787195872,57.71508820597968,53.22491179402033,-3.157894736842104,2.699551366038035,STB
2025-09-22,55.5,55.7,53.6,54.8,8456900,55.31999999999999,52.797,44.70909090909091,50.805583803173285,0.7595241693826864,0.9635751451514525,-0.20405097576876607,57.294148717268335,53.34585128273165,-0.7246376811594346,2.1932658673827836,STB
2025-09-23,55.2,55.7,54.5,55.4,5215300,55.315,52.952,44.778064516129035,53.41376219366402,0.6985415042825238,0.9105684169776668,-0.21202691269514296,57.287735210443564,53.34226478955643,1.0948905109489093,2.0253897337544204,STB
2025-09-24,55.4,57.0,54.5,57.0,6866400,55.515,53.133,44.85641025641026,59.569547921774195,0.7704378036566837,0.8825422943134702,-0.11210449065678652,57.30182311438561,53.72817688561439,2.8880866425992746,1.822415545973471,STB
2025-09-25,57.2,57.2,56.0,56.9,6594300,55.60999999999999,53.317,44.93312101910828,59.04441483956708,0.8100096871702576,0.8680357728848278,-0.05802608571457024,57.481560002271536,53.73843999772845,-0.17543859649122862,1.6402361515390798,STB
2025-09-26,56.9,56.9,55.9,56.5,6010100,55.654999999999994,53.49100000000001,45.00632911392405,56.884274473792324,0.7998735880749592,0.8544033359228541,-0.05452974784789488,57.568360229653166,53.74163977034682,-0.7029876977152849,1.637009099000455,STB
2025-09-29,56.5,56.6,55.4,56.6,5361700,55.745000000000005,53.669,45.07924528301887,57.30481393332294,0.7907940393470199,0.8416814766076873,-0.05088743726066747,57.65836022965317,53.83163977034684,0.1769911504424737,1.5968023888229712,STB
2025-09-30,56.6,57.1,56.0,56.9,8892800,55.80999999999999,53.803000000000004,45.153125,58.60912622302464,0.7986001588411185,0.8330652130543736,-0.034465054213255186,57.78979265261939,53.830207347380586,0.5300353356890497,1.5707139359955515,STB
2025-10-01,57.1,59.8,56.7,59.8,18440100,55.985,54.00900000000001,45.24409937888199,68.59634040124298,1.02695423925568,0.871843018294635,0.15511122096104513,58.64802163162893,53.32197836837107,5.096660808435849,1.9132819897203317,STB
2025-10-02,60.0,60.3,58.0,58.7,8412100,56.1,54.193000000000005,45.32716049382716,62.44181384791532,1.1064116613553452,0.9187567469067771,0.18765491444856808,59.024308285281435,53.17569171471857,-1.8394648829431315,1.9733625560214183,STB
2025-10-03,58.6,58.6,57.0,57.0,9437900,56.15,54.358999999999995,45.39877300613497,54.329084145837584,1.0204434118738277,0.9390940799001872,0.08134933197364047,59.10118174367621,53.19881825632379,-2.8960817717206155,2.0849030769631547,STB
2025-10-06,58.0,59.8,57.1,59.8,10349900,56.44000000000001,54.575,45.48658536585366,62.88289087621363,1.1648222088683866,0.9842397056938272,0.18058250317455937,59.63169976163458,53.248300238365445,4.912280701754379,2.1584021051535047,STB
2025-10-07,60.0,60.4,58.5,58.5,7496400,56.65500000000001,54.769000000000005,45.56545454545455,57.49839057560718,1.1609614690906866,1.0195840583731992,0.14137741071748744,59.79018235850002,53.5198176415,-2.1739130434782594,2.241873911647075,STB
2025-10-08,58.6,60.0,58.5,59.9,10390300,56.955,54.985,45.651807228915665,61.33783546320975,1.256387254517378,1.066944697602035,0.18944255691534306,60.12822681525439,53.7817731847456,2.3931623931623847,2.2721148595530334,STB
2025-10-09,60.3,61.0,59.7,60.0,9593000,57.185,55.225,45.7377245508982,61.60464319911458,1.3248104510252787,1.1185178482866838,0.20629260273859495,60.54499686716599,53.82500313283401,0.16694490818029983,2.211500703274786,STB
2025-10-10,60.2,60.4,59.2,60.4,8202400,57.435,55.446999999999996,45.825,62.71308620184224,1.3952296454286142,1.17386020771507,0.22136943771354423,60.97501189412169,53.89498810587831,0.6666666666666599,2.2098193404571775,STB
2025-10-13,59.9,61.0,59.3,61.0,7743200,57.685,55.668,45.91479289940828,64.37447717838711,1.4823645738593925,1.2355610809439346,0.2468034929154579,61.494282291842396,53.87571770815761,0.9933774834437026,2.20857085965258,STB
2025-10-14,61.1,61.3,60.1,60.6,7039200,57.910000000000004,55.891999999999996,46.001176470588234,62.378997880738964,1.5018308046942295,1.2888150256939936,0.21301577900023583,61.854296348426054,53.96570365157395,-0.6557377049180357,2.2218356221119913,STB
2025-10-15,60.2,60.8,60.0,60.0,3805800,58.1,56.092,46.083040935672514,59.40440128119189,1.4521039963204458,1.3214728198192842,0.13063117650116163,62.063517842044746,54.13648215795526,-0.990099009900991,2.2434960260485823,STB
2025-10-16,60.1,60.4,58.5,59.5,10235300,58.225,56.24799999999999,46.16104651162791,56.96651861083726,1.3567100125937444,1.3285202583741764,0.02818975421956793,62.200119991568165,54.24988000843184,-0.8333333333333304,2.243486433788345,STB
2025-10-17,59.0,59.3,58.1,59.0,6674400,58.415,56.346,46.235260115606934,54.55541047654008,1.2266240138039421,1.3081410094601296,-0.08151699565618742,62.136502243364205,54.69349775663579,-0.8403361344537785,2.115000889471227,STB
2025-10-20,58.6,58.8,54.9,54.9,13295700,58.42,56.352,46.28505747126437,39.71240783792005,0.7836606356774212,1.2032449347035878,-0.4195842990261667,62.12126578632892,54.718734213671084,-6.949152542372882,2.6678504430183603,STB
2025-10-21,55.5,55.6,53.0,55.6,11955700,58.42999999999999,56.38399999999999,46.33828571428571,42.584585549214715,0.48351940625432377,1.059299829013735,-0.5757804227594112,62.09784032252977,54.762159677470216,1.2750455373406355,2.671889608634575,STB
2025-10-22,55.7,55.7,53.5,55.4,5680600,58.35,56.418,46.38977272727273,41.96936280370934,0.2269014127603981,0.8928201457630677,-0.6659187330026696,62.21373149334009,54.48626850665991,-0.3597122302158362,2.5878305923990887,STB
2025-10-23,55.4,55.9,54.7,55.6,5822500,58.285000000000004,56.45,46.44180790960452,42.85839416847005,0.039216074122592204,0.7220993314349726,-0.6828832573123804,62.29250611517367,54.277493884826335,0.3610108303249149,2.589898693153891,STB
2025-10-24,55.2,55.5,53.6,54.5,7394000,58.185,56.461999999999996,46.487078651685394,39.29288894244803,-0.19602703819047917,0.5384740575098822,-0.7345010957003614,62.4702378181253,53.899762181874706,-1.9784172661870492,2.6214671777771286,STB
2025-10-27,54.5,55.3,53.5,54.6,4852600,58.085,56.446000000000005,46.53240223463687,39.7833379484911,-0.37012318557889046,0.3567546088921277,-0.7268777944710181,62.61247170062901,53.55752829937099,0.18348623853210455,2.621509855658175,STB
2025-10-28,54.4,56.8,53.6,56.8,6598200,58.080000000000005,56.504,46.589444444444446,49.4575938333079,-0.32680679751477726,0.2200423276107467,-0.546849125125524,62.61319917242103,53.546800827578984,4.029304029304015,2.780988191515666,STB
2025-10-29,56.8,58.1,56.5,57.2,5986100,57.95,56.592000000000006,46.648066298342535,50.99903694711028,-0.25723633054130346,0.1245865959803367,-0.3818229265216402,62.4242538337043,53.47574616629571,0.7042253521126751,2.5209233692406223,STB
2025-10-30,57.2,57.3,56.4,56.9,3281900,57.86,56.666,46.70439560439561,49.77297852247302,-0.22372971019979815,0.05492333474430973,-0.27865304494410786,62.34313799874441,53.37686200125559,-0.5244755244755317,2.49267094581438,STB
2025-10-31,56.7,57.2,55.5,55.5,3469600,57.785000000000004,56.693999999999996,46.752459016393445,44.40762655192994,-0.3066093699299586,-0.017383206190543933,-0.2892261637394146,62.37756836753934,53.19243163246067,-2.4604569420035083,2.4689804334292793,STB
2025-11-03,55.4,55.8,52.3,52.3,6619800,57.40999999999999,56.583999999999996,46.78260869565217,35.0952665322897,-0.6233201076680643,-0.13857058648604803,-0.4847495211820163,62.506913410661994,52.313086589337985,-5.7657657657657735,2.481646000292603,STB
2025-11-04,52.0,54.8,51.7,53.9,11567100,57.17999999999999,56.552,46.821081081081076,41.6804931663383,-0.7367166103669334,-0.25819979126222514,-0.4785168191047082,62.48088373962769,51.87911626037229,3.0592734225621365,2.584908691214391,STB
2025-11-05,53.5,54.5,53.2,53.5,4422600,56.86,56.562,46.85698924731182,40.57221751387817,-0.8490732251838082,-0.3763744780465418,-0.47269874713726645,62.24160609953229,51.47839390046771,-0.7421150278293154,2.5018521891364904,STB
2025-11-06,53.5,53.8,51.9,51.9,7748900,56.455000000000005,56.5,46.883957219251336,36.402636149278095,-1.0550611914912338,-0.5121118207354802,-0.5429493707557536,62.05630623863259,50.853693761367424,-2.990654205607479,2.5544343132053733,STB
2025-11-07,51.7,51.9,48.35,48.35,20318100,55.8525,56.355,46.891755319148935,29.22593083542766,-1.4876151686096861,-0.7072124903103214,-0.7804026782993647,62.208555960138966,49.49644403986103,-6.84007707129094,2.875756105303482,STB
2025-11-10,48.5,49.4,48.35,48.5,8290900,55.2275,56.229000000000006,46.900264550264545,29.855198418385115,-1.7975920433479686,-0.9252884009178509,-0.8723036424301177,61.90262862087768,48.55237137912232,0.31023784901758056,2.8539800137447138,STB
2025-11-11,48.7,49.65,47.45,49.65,8621000,54.68000000000001,56.11,46.914736842105256,34.65233961316207,-1.9282281469936464,-1.12587635013301,-0.8023517968606364,61.295722898798104,48.06427710120191,2.3711340206185483,2.9571900506031787,STB
2025-11-12,49.7,50.6,48.85,50.6,8640000,54.21,55.996,46.934031413612566,38.400145954309494,-1.932820784926939,-1.2872652370917959,-0.6455555478351431,60.56482411036542,47.85517588963458,1.9133937562940684,3.0255476855096917,STB
2025-11-13,50.5,50.5,48.55,48.7,17041000,53.67,55.842,46.94322916666667,34.17821475583514,-2.065959509405431,-1.4430040915545228,-0.6229554178509082,59.967317724739104,47.3726822752609,-3.754940711462451,3.0967385415631625,STB
2025-11-14,48.6,48.65,47.4,48.05,14304600,53.1225,55.683,46.94896373056994,32.84767648646677,-2.1985786296161436,-1.594118999166847,-0.6044596304492966,59.372508421046774,46.87249157895323,-1.3347022587269164,3.0977904000102563,STB
2025-11-17,48.1,49.05,47.9,48.9,10169700,52.822500000000005,55.581,46.9590206185567,36.3378692881965,-2.2096212038027048,-1.7172194400940186,-0.49240176370868616,59.28563228607973,46.35936771392028,1.768990634755463,2.813152349800168,STB
2025-11-18,48.9,49.65,48.5,49.5,8541600,52.517500000000005,55.48700000000001,46.972051282051275,38.757549335997574,-2.1452286769824553,-1.8028212874717062,-0.3424073895107491,59.004432208192256,46.030567791807755,1.2269938650306678,2.8115417888943384,STB
2025-11-19,49.45,50.3,49.05,49.5,9515600,52.222500000000004,55.39900000000001,46.984948979591834,38.757549335997574,-2.070331641132036,-1.8563233582037724,-0.21400828292826346,58.694095833453815,45.75090416654619,0.0,2.813913186495656,STB
2025-11-20,49.5,49.8,49.1,49.5,5896100,51.917500000000004,55.281000000000006,46.997715736040604,38.75754933599758,-1.9880581043132537,-1.8826703074256688,-0.10538779688758493,58.29313412738794,45.54186587261207,0.0,2.8090965965030574,STB
2025-11-21,49.05,51.3,48.9,51.3,10132900,51.75750000000001,55.199,47.019444444444446,46.39205986236823,-1.75735310419239,-1.857606866779013,0.10025376258662311,58.01985830809332,45.495141691906696,3.6363636363636376,2.9356244192994634,STB
2025-11-24,51.5,51.5,50.0,50.0,6116900,51.527499999999996,55.07899999999999,47.03442211055277,42.29155077888018,-1.6602782111724323,-1.818141135657697,0.15786292448526473,57.687342359568525,45.36765764043147,-2.534113060428844,2.9766009197425722,STB
2025-11-25,50.0,51.0,49.75,50.0,5219100,51.1875,54.957,47.04925,42.29155077888018,-1.5653018338927254,-1.7675732753047027,0.20227144141197728,56.85280298348948,45.52219701651052,0.0,2.7919213167008077,STB
2025-11-26,50.1,51.2,49.95,49.95,7616300,50.825,54.83200000000001,47.1065,42.12546408529984,-1.477040548743183,-1.709466729992399,0.23242618124921588,55.74985639651695,45.90014360348306,-0.09999999999998899,2.777937598317195,STB
2025-11-27,49.8,50.6,49.3,49.3,3672600,50.445,54.678000000000004,47.15975,39.930085111536485,-1.4429094501360709,-1.6561552740211334,0.21324582388506252,54.490517337289994,46.39948266271001,-1.3013013013013164,2.781694349664832,STB
2025-11-28,49.0,49.55,48.6,48.6,4671200,50.1,54.54599999999999,47.20875,37.654213545049785,-1.45556560421727,-1.616037340060361,0.16047173584309093,53.44695462520126,46.753045374798745,-1.4198782961460377,2.7561932146099375,STB
2025-12-01,48.7,49.6,48.65,49.0,3344100,49.934999999999995,54.43,47.2625,39.76687328806535,-1.416984920329682,-1.5762268561142254,0.15924193578454338,53.14798352904165,46.72201647095834,0.8230452674897082,2.4903211555929743,STB
2025-12-02,49.0,49.65,49.0,49.4,5477800,49.709999999999994,54.31,47.318000000000005,41.88755871957239,-1.33870108058494,-1.5287217010083685,0.1900206204234285,52.329280736947766,47.09071926305222,0.8163265306122325,2.379327336211747,STB
2025-12-03,49.2,50.9,49.2,49.7,7311300,49.519999999999996,54.16400000000001,47.37325,43.49441907455178,-1.2381801112056223,-1.4706133830478194,0.2324332718421971,51.439539418440184,47.60046058155981,0.6072874493927127,2.3884561167944725,STB
2025-12-04,50.0,51.0,49.95,50.2,7179800,49.435,54.03,47.4305,46.16618030776607,-1.1054280114217647,-1.3975763087226085,0.2921482973008438,51.0347039199731,47.83529608002691,1.0060362173038184,2.3212707024876376,STB
2025-12-05,50.6,50.6,49.2,49.2,6092100,49.4775,53.88399999999999,47.48275,41.89914586336043,-1.0685945655919937,-1.3317799600964857,0.26318539450449197,50.999090234624155,47.95590976537584,-1.9920318725099584,1.7732514094376697,STB
2025-12-08,49.2,49.25,48.7,48.7,4224200,49.4875,53.726000000000006,47.532,39.91273805060848,-1.0674447768012385,-1.2789129234374363,0.21146814663619784,50.98447062517269,47.990529374827304,-1.0162601626016232,1.7897887343066183,STB
2025-12-09,48.35,49.25,48.05,48.55,10646500,49.4325,53.559,47.57775000000001,39.31062350988014,-1.0663451442523453,-1.2363993676004181,0.17005422334807285,50.98416294495138,47.880837055048616,-0.30800821355236874,1.7040069122963517,STB
2025-12-10,48.45,48.65,48.4,48.6,5984100,49.332499999999996,53.335,47.6245,39.63751089580915,-1.0493429233749723,-1.1989880787553289,0.1496451553803566,50.82397577921948,47.84102422078051,0.1029866117404854,1.6383473221791691,STB
2025-12-11,48.4,48.6,47.7,47.7,6162200,49.282500000000006,53.115,47.670249999999996,35.890209159737296,-1.0958586429340116,-1.1783621915910656,0.082503548657054,50.9228706256429,47.64212937435711,-1.851851851851849,1.4665789004632743,STB
2025-12-12,47.7,48.5,46.0,46.0,8811500,49.18,52.895,47.70875,30.101390523627245,-1.2554267007887105,-1.1937750934305946,-0.06165160735811592,51.323631940127605,47.036368059872395,-3.563941299790363,1.6403000070431504,STB
2025-12-15,46.05,47.2,45.95,46.8,6054400,49.075,52.635,47.75149999999999,35.38322718895576,-1.3023198891274248,-1.2154840525699606,-0.08683583655746419,51.467642230276745,46.68235776972326,1.7391304347825987,1.63842124928777,STB
2025-12-16,46.5,48.2,46.5,47.05,5417200,48.9525,52.40599999999999,47.7925,36.985698497497886,-1.3042752943600178,-1.233242300927972,-0.07103299343204572,51.499422807913916,46.405577192086085,0.5341880341880323,1.613656016171609,STB
2025-12-17,47.2,47.8,47.1,47.2,4055200,48.8375,52.15200000000001,47.8325,37.97953726661284,-1.278977958922745,-1.2423894325269267,-0.03658852639581833,51.48601000812841,46.18898999187159,0.31880977683316214,1.6177326155675742,STB
2025-12-18,47.0,48.0,46.9,48.0,5520600,48.7625,51.912000000000006,47.878499999999995,43.13105708228211,-1.1807651980083875,-1.2300645856232189,0.049299387614831325,51.41696495748669,46.108035042513315,1.6949152542372836,1.6735791242139781,STB
2025-12-19,47.7,49.0,47.7,49.0,7229300,48.6475,51.684000000000005,47.925999999999995,48.85029546013193,-1.0105897847790928,-1.1861696254543936,0.17557984067530086,51.023802966684215,46.27119703331579,2.083333333333326,1.5179085287404879,STB
2025-12-22,49.3,52.4,48.6,52.4,13019000,48.7675,51.512,47.98925,62.61632357229846,-0.5945197056418507,-1.0678396414918851,0.4733199358500344,51.62504311106191,45.90995688893808,6.938775510204076,2.1169294051923457,STB
2025-12-23,54.7,56.0,54.2,56.0,8408800,49.0675,51.42,48.069250000000004,71.39479429426625,0.02541576611116625,-0.8491885599712748,0.8746043260824411,53.36624828782794,44.76875171217206,6.870229007633588,2.5800315844194146,STB
2025-12-24,58.8,58.8,56.6,58.7,19984100,49.505,51.394000000000005,48.16325,75.95520433770486,0.7262151725716635,-0.5341078134626872,1.2603229860343506,55.591300405959046,43.41869959404096,4.8214285714285765,2.73960326065205,STB
2025-12-25,58.3,58.6,55.9,55.9,15350700,49.835,51.32200000000001,48.244,64.47545995565326,1.0436367568632647,-0.21855889939749684,1.2621956562607615,56.55700627945637,43.112993720543635,-4.7700170357751315,2.981737560052854,STB
2025-12-26,55.5,57.5,53.1,57.5,17485500,50.28,51.29200000000001,48.336499999999994,67.49837786072635,1.408070912569059,0.10676706299581434,1.3013038495732445,57.78995129285475,42.77004870714525,2.8622540250447193,2.9773813774145292,STB
2025-12-29,58.2,60.4,58.1,59.9,22403400,50.825,51.391999999999996,48.44175,71.42612063777075,1.8690028475229568,0.4592142199012429,1.409788627621714,59.44398150045939,42.20601849954062,4.17391304347825,3.0666055121460882,STB
2025-12-30,60.3,60.8,58.5,60.0,19183500,51.355000000000004,51.48,48.5475,71.58023105143475,2.2168098866176393,0.8107333532445222,1.406076533373117,60.862830567761556,41.84716943223845,0.16694490818029983,3.0726792671791374,STB
2025-12-31,59.6,60.2,58.0,58.0,14589500,51.77,51.532,48.6455,64.13047709929432,2.3045013287958795,1.1094869483547938,1.1950143804410858,61.68932722676173,41.85067277323827,-3.3333333333333326,3.2232518366371767,STB
2026-01-05,58.2,58.3,56.0,57.9,18337600,52.154999999999994,51.578,48.743,63.77308827344471,2.338966118778309,1.3553827824394968,0.9835833363388122,62.40980118619657,41.90019881380342,-0.17241379310345417,3.2305097136287664,STB
2026-01-06,57.5,58.7,56.7,56.7,12705700,52.53000000000001,51.62200000000001,48.832,59.488809647924356,2.243587066841144,1.5330236393198262,0.7105634275213177,62.87791613906154,42.18208386093848,-2.072538860103623,3.2341739164448247,STB
2026-01-07,55.6,55.9,52.8,53.4,53941300,52.765,51.59799999999999,48.905750000000005,49.61716370465727,1.8800440823679736,1.6024277279294559,0.27761635443851773,62.959017853623635,42.570982146376366,-5.820105820105825,3.5372862891038315,STB
2026-01-08,53.7,55.2,53.1,53.5,16488100,53.0125,51.532,48.980250000000005,49.888533898036734,1.5817691619702714,1.598296014737619,-0.016526852767347666,63.01417749088004,43.01082250911997,0.18726591760300781,3.5329100358459375,STB
2026-01-09,53.6,54.3,51.5,51.8,21551500,53.1725,51.424,49.04600000000001,45.41066852855673,1.1944395900122942,1.517524729792554,-0.3230851397802599,62.97741149749356,43.367588502506436,-3.1775700934579487,3.62937528530789,STB
2026-01-12,51.5,54.3,51.1,53.8,21181100,53.4775,51.36200000000001,49.122,50.98468037520961,1.0369085625237062,1.4214014963387847,-0.38449293381507843,62.93913861406443,44.015861385935565,3.8610038610038533,3.668948785778142,STB
2026-01-13,53.8,55.2,53.7,54.1,18230000,53.88249999999999,51.334,49.20125,51.78003884502835,0.9256018194768245,1.3222415609663927,-0.39663974148956815,62.665574332876794,45.09942566712319,0.5576208178438735,3.531984072506041,STB
2026-01-14,53.9,55.1,53.8,54.1,14857600,54.2475,51.37,49.2805,51.78003884502834,0.8278475128791101,1.2233627513489362,-0.39551523846982617,62.37344771800721,46.12155228199279,0.0,3.5309511415991537,STB
2026-01-15,53.8,57.8,53.7,57.8,23196000,54.785000000000004,51.448,49.37799999999999,60.86369569385102,1.0369819163950922,1.1860865843581676,-0.14910466796307542,62.305995174912,47.26400482508801,6.839186691312382,3.779945331361293,STB
2026-01-16,59.4,60.6,57.9,58.4,18237000,55.345000000000006,51.54599999999999,49.471500000000006,62.110190560141874,1.2368794471680644,1.1962451569201469,0.04063429024791754,62.118780721514,48.57121927848601,1.038062283737018,3.7755259170281645,STB
2026-01-19,58.0,58.7,57.6,58.3,8938300,55.86,51.674,49.56675,61.75714453822433,1.3714216214526758,1.2312804498266527,0.14014117162602302,61.79700261074531,49.92299738925469,-0.171232876712335,3.784073775585069,STB
2026-01-20,58.2,60.9,58.1,58.1,16114900,56.315,51.869,49.674499999999995,61.01020470259157,1.4452490044796207,1.2740741607572463,0.17117484372237435,61.36726369274696,51.262736307253036,-0.34305317324184736,3.7878968506939246,STB
2026-01-21,57.6,62.1,57.2,62.1,25967900,56.8,52.14099999999999,49.798,69.06807160561564,1.8057092162018051,1.3804011718461582,0.42530804435564695,62.12481776312792,51.47518223687207,6.8846815834767705,3.7833917887530872,STB
2026-01-22,63.0,66.4,63.0,63.5,17206700,57.175,52.41799999999999,49.941500000000005,71.30345239079219,2.179224091867887,1.540165755850504,0.6390583360173832,63.264118854239,51.08588114576099,2.254428341384851,3.533883219637091,STB
2026-01-23,63.2,66.1,62.6,62.6,16451000,57.370000000000005,52.658,50.089,67.90601159215299,2.37523461733997,1.7071795281483975,0.6680550891915726,63.89867359785774,50.84132640214227,-1.4173228346456623,3.4235706309960836,STB
2026-01-26,63.0,63.8,61.6,62.0,14884400,57.675,52.92400000000001,50.222,65.65988173877614,2.453872668723058,1.8565181562633297,0.5973545124597281,64.47867547726933,50.87132452273066,-0.9584664536741228,3.2221128150582508,STB
2026-01-27,62.0,63.3,61.0,61.9,12496700,57.895,53.20099999999999,50.34225000000001,65.27236592966273,2.479542108767099,1.9811229467640836,0.49841916200301517,64.95458847764374,50.83541152235626,-0.1612903225806428,3.1794502699922598,STB
2026-01-28,62.0,65.6,61.9,63.2,12810300,58.05999999999999,53.486999999999995,50.46925,67.92278202090985,2.575100306992283,2.0999184188097235,0.4751818881825596,65.46281596492322,50.65718403507675,2.1001615508885463,3.082820958222435,STB
2026-01-29,64.0,64.4,62.6,62.8,7052500,58.2,53.75299999999999,50.591,66.24741816165704,2.5887131368611094,2.197677362420001,0.3910357744411086,65.85877549646543,50.541224503534586,-0.6329113924050778,3.0899966458712855,STB
2026-01-30,62.8,65.0,62.7,63.0,9372100,58.45,54.022999999999996,50.715250000000005,66.68982846609057,2.585831870953662,2.275308264126733,0.31052360682692903,66.4020934019716,50.497906598028415,0.31847133757962887,2.9712867726029977,STB
2026-02-02,63.0,64.0,62.0,63.5,12216000,58.730000000000004,54.30299999999999,50.84125,67.82525247830444,2.593992339305899,2.3390450791625663,0.2549472601433327,66.98899190993774,50.47100809006228,0.7936507936507908,2.96838941464975,STB
2026-02-03,64.0,64.5,62.7,63.0,10152200,59.045,54.537,50.9635,65.42365247731865,2.530938662495764,2.377423795829206,0.153514866666558,67.45714034970611,50.632859650293895,-0.7874015748031482,2.9232458522975624,STB
2026-02-04,62.8,64.6,62.6,63.8,11683400,59.565,54.813,51.08025,67.41191084036791,2.51651269163316,2.405241574989997,0.11127111664316303,67.79159998835586,51.33840001164414,1.2698412698412653,2.5081929543908674,STB
2026-02-05,63.8,65.0,62.3,62.3,10907100,60.004999999999995,55.059,51.1885,60.398839556221375,2.356873965839007,2.395568053159799,-0.03869408732079194,67.7955408230613,52.21445917693868,-2.351097178683381,2.60954333674017,STB
2026-02-06,61.8,62.4,60.8,61.5,14979600,60.489999999999995,55.29,51.295,56.993352521910865,2.141124263683025,2.344679295264444,-0.20355503158141897,67.27229894264205,53.70770105735794,-1.284109149277679,2.4893833536944774,STB
2026-02-09,61.6,62.1,60.3,60.3,5613100,60.815,55.51,51.3955,52.235687167874275,1.8519628245160007,2.2461360011147558,-0.39417317659875506,66.82666410099175,54.803335899008246,-1.9512195121951237,2.463481379852639,STB
2026-02-10,60.3,60.7,59.0,59.5,15767700,61.085,55.728,51.49725,49.28208380233098,1.5404891861427998,2.1050066381203645,-0.5645174519775646,66.25262186982259,55.91737813017742,-1.3266998341625147,2.5009317830136966,STB
2026-02-11,59.3,62.9,59.3,61.1,8440100,61.435,55.97,51.606500000000004,54.78826743319392,1.4065370286009085,1.9653127162164734,-0.558775687615565,65.42460491382492,57.44539508617508,2.6890756302521135,2.544224236223532,STB
2026-02-12,61.2,62.7,61.1,61.1,4636600,61.6,56.20399999999999,51.716499999999996,54.78826743319392,1.285559845015655,1.8293621419763098,-0.5438022969606549,65.21167696871005,57.98832303128995,0.0,2.085429493498863,STB
2026-02-13,61.2,62.6,61.1,62.6,8998200,61.80999999999999,56.461999999999996,51.832,59.561621653596944,1.2957850163375682,1.7226467168485615,-0.42686170051099337,65.11352284052789,58.50647715947209,2.454991816693952,2.1353582060343377,STB
2026-02-23,62.5,63.7,62.5,62.9,5818900,62.04,56.716,51.95224999999999,60.46073771285143,1.3129610335688398,1.6407095801926173,-0.3277485466237775,64.92910840371485,59.15089159628515,0.4792332268370503,2.1316468898175414,STB
2026-02-24,63.2,64.2,63.0,63.4,7967200,62.30500000000001,57.0,52.075,61.97809995276989,1.3513415481110727,1.5828359737763085,-0.23149442566523581,64.57931886853716,60.030681131462856,0.7949125596184325,2.125905463984898,STB
