time,open,high,low,close,volume,symbol,sma_20,sma_50,sma_200,rsi_14,macd,macd_signal,macd_hist,bb_upper,bb_lower,daily_return,volatility_20d
2025-02-24,1298.39,1304.56,1294.69,1304.56,807662797,VNINDEX,1304.56,1304.56,1304.56,,0.0,0.0,0.0,,,,
2025-02-25,1306.86,1309.97,1298.54,1303.16,827866418,VNINDEX,1303.8600000000001,1303.8600000000001,1303.8600000000001,,-0.11168091168087813,-0.022336182336175625,-0.0893447293447025,,,-0.10731587661739761,
2025-02-26,1305.16,1306.49,1301.2,1302.96,710467326,VNINDEX,1303.5600000000002,1303.5600000000002,1303.5600000000002,,-0.21386190047132914,-0.06064132596320633,-0.15322057450812282,,,-0.015347309616631222,
2025-02-27,1307.31,1307.87,1296.43,1307.8,846430144,VNINDEX,1304.62,1304.62,1304.62,,0.09461580803144898,-0.02958989916427527,0.12420570719572424,,,0.3714619021305321,
2025-02-28,1307.14,1308.77,1300.66,1305.36,752261254,VNINDEX,1304.768,1304.768,1304.768,,0.14057850491462887,0.004443781651505559,0.13613472326312331,,,-0.18657287046949245,
2025-03-03,1306.97,1309.77,1304.3,1309.37,801877821,VNINDEX,1305.535,1305.535,1305.535,,0.4948731705080718,0.1025296594228188,0.392343511085253,,,0.3071949500520921,
2025-03-04,1306.82,1313.21,1298.28,1311.91,935914817,VNINDEX,1306.445714285714,1306.445714285714,1306.445714285714,,0.969435963545493,0.27591092024735364,0.6935250432981394,,,0.19398642095054264,
2025-03-05,1312.84,1319.52,1304.71,1304.71,770488829,VNINDEX,1306.22875,1306.22875,1306.22875,,0.7558377419818498,0.3718962845942529,0.38394145738759694,,,-0.5488181353903832,
2025-03-06,1308.02,1318.22,1307.91,1318.22,983977939,VNINDEX,1307.5611111111111,1307.5611111111111,1307.5611111111111,,1.657595970192915,0.6290362217139853,1.0285597484789297,,,1.0354791486230752,
2025-03-07,1320.08,1327.07,1318.71,1326.05,892233477,VNINDEX,1309.41,1309.41,1309.41,,2.969827106595403,1.097194398690269,1.8726327079051341,,,0.5939827949811072,
2025-03-10,1331.6,1335.87,1326.51,1330.28,856953551,VNINDEX,1311.3072727272727,1311.3072727272727,1311.3072727272727,,4.30152013817451,1.7380595465871174,2.5634605915873925,,,0.31899249651219375,
2025-03-11,1319.17,1332.54,1315.92,1332.54,847436213,VNINDEX,1313.0766666666666,1313.0766666666666,1313.0766666666666,,5.476134107210328,2.4856744587117596,2.990459648498568,,,0.1698890459151503,
2025-03-12,1337.63,1342.91,1331.75,1334.41,851269003,VNINDEX,1314.7176923076925,1314.7176923076925,1314.7176923076925,,6.483183409364301,3.285176248842268,3.198007160522033,,,0.14033349843156628,
2025-03-13,1335.66,1340.91,1324.87,1326.27,997593162,VNINDEX,1315.542857142857,1315.542857142857,1315.542857142857,65.82158707774693,6.548954989007825,3.9379319968753794,2.6110229921324457,,,-0.610007419009162,
2025-03-14,1325.84,1333.32,1324.3,1326.15,940130088,VNINDEX,1316.25,1316.25,1316.25,65.62402718448234,6.516280813640151,4.453601760228334,2.0626790534118165,,,-0.009047931416672483,
2025-03-17,1330.62,1336.26,1329.05,1336.26,837533176,VNINDEX,1317.500625,1317.500625,1317.500625,72.98173427622069,7.22291750457839,5.007464909098346,2.215452595480045,,,0.7623571994118228,
2025-03-18,1340.16,1341.65,1330.97,1330.97,810146564,VNINDEX,1318.2929411764705,1318.2929411764705,1318.2929411764705,65.1268987539286,7.272243487454716,5.46042062476962,1.811822862685096,,,-0.395881041114754,
2025-03-19,1330.4,1330.7,1320.85,1324.63,835603365,VNINDEX,1318.645,1318.645,1318.645,57.18341079879001,6.722259645121994,5.712788428840096,1.0094712162818986,,,-0.4763443203077422,
2025-03-20,1326.8,1332.41,1316.11,1323.93,821245236,VNINDEX,1318.923157894737,1318.923157894737,1318.923157894737,56.365960752880255,6.158913219988108,5.802013387069698,0.3568998329184101,,,-0.052844945380980946,
2025-03-21,1324.0,1325.22,1320.67,1321.88,714329789,VNINDEX,1319.0710000000001,1319.0710000000001,1319.0710000000001,53.9343335800873,5.483825129413162,5.738375735538391,-0.2545506061252283,1342.3907805352137,1295.7512194647866,-0.15484202336981667,
2025-03-24,1322.9,1330.32,1316.73,1330.32,794981660,VNINDEX,1320.359,1319.6066666666668,1319.6066666666668,61.33071765804137,5.565692578343032,5.70383910409932,-0.13814652575628728,1343.1435736363328,1297.574426363667,0.6384845825642138,0.4454133767042584
2025-03-25,1335.29,1337.6,1329.81,1331.92,825911387,VNINDEX,1321.797,1320.1663636363637,1320.1663636363637,62.558051631944004,5.694042373620277,5.701879758003511,-0.007837384383234003,1343.6211489615227,1299.9728510384773,0.12027181430032119,0.4427709097502895
2025-03-26,1333.33,1338.55,1323.69,1326.09,734831077,VNINDEX,1322.9535,1320.4239130434783,1320.4239130434783,55.62960500528284,5.264640733183569,5.6144319530395235,-0.3497912198559545,1342.9495072593454,1302.9574927406547,-0.4377139768154348,0.4588515228156358
2025-03-27,1325.98,1328.82,1323.01,1323.81,564278774,VNINDEX,1323.7540000000001,1320.565,1320.565,53.150412356839155,4.68633869884502,5.4288133022006235,-0.7424746033556033,1342.4343047422456,1305.0736952577547,-0.1719340316268081,0.4573324940651517
2025-03-28,1324.42,1325.34,1315.72,1317.46,636613233,VNINDEX,1324.359,1320.4407999999999,1320.4407999999999,46.88357299382057,3.6732947836358107,5.077709598487661,-1.40441481485185,1341.226815382837,1307.4911846171628,-0.47967608644744475,0.47022655676565395
2025-03-31,1313.51,1314.09,1304.1,1306.86,753141476,VNINDEX,1324.2335,1319.9184615384615,1319.9184615384615,38.68401735472004,1.9921544536723559,4.4605985695246,-2.468444115852244,1341.6008320376293,1306.8661679623708,-0.8045785071273626,0.502481169130398
2025-04-01,1313.03,1317.46,1308.06,1317.33,550211861,VNINDEX,1324.5045,1319.8225925925926,1319.8225925925926,48.30171745754481,1.4875327768784246,3.865985410995365,-2.3784526341169405,1341.2190439032818,1307.7899560967182,0.8011569716725564,0.5327803549532082
2025-04-02,1321.53,1324.46,1317.68,1317.83,709130132,VNINDEX,1325.1605,1319.7514285714285,1319.7514285714285,48.71542392872981,1.1151080127021942,3.315809931336731,-2.200701918634537,1339.4592367495027,1310.8617632504972,0.03795556162844438,0.5155728936967682
2025-04-03,1272.87,1277.9,1229.41,1229.84,1716843434,VNINDEX,1320.7415,1316.6510344827586,1316.6510344827586,19.35781904909436,-6.208530853962202,1.4109417742769446,-7.619472628239146,1365.740755795016,1275.7422442049842,-6.676885485988326,1.5623255441268376
2025-04-04,1159.33,1210.67,1158.17,1210.67,1873633940,VNINDEX,1314.9725,1313.1183333333333,1313.1183333333333,16.95982074735072,-13.404902833782216,-1.5522271473348879,-11.852675686447329,1381.5273599593638,1248.4176400406363,-1.5587393482078826,1.5691452873170921
2025-04-08,1173.14,1174.4,1130.98,1132.79,1055789483,VNINDEX,1305.098,1307.3012903225806,1307.3012903225806,10.998749882596996,-25.102973156048165,-6.2623763490775435,-18.840596806970623,1409.7743315327677,1200.4216684672322,-6.432801671801569,2.0495701647439493
2025-04-09,1073.61,1141.35,1073.61,1094.3,1518648938,VNINDEX,1293.1860000000001,1300.645,1300.645,9.265441635927559,-37.05248154920764,-12.420397389103563,-24.63208416010408,1433.0289245749825,1153.3430754250178,-3.3978054184800377,2.11674375393866
2025-04-10,1166.09,1168.4,1165.86,1168.34,280341215,VNINDEX,1284.8825,1296.6357575757577,1296.6357575757577,31.596681291799896,-40.08605671137866,-17.953529253558585,-22.132527457820075,1433.8433568683308,1135.921643131669,6.7659691126747745,2.7279153662021747
2025-04-11,1185.86,1222.46,1180.59,1222.46,1697947853,VNINDEX,1279.692,1294.4541176470589,1294.4541176470589,42.698243539399364,-37.688703271924396,-21.900564057231747,-15.788139214692649,1429.8106672497531,1129.573332750247,4.632213225602144,2.9706475944050297
2025-04-14,1235.01,1242.94,1226.06,1241.44,983147350,VNINDEX,1275.4565,1292.9394285714286,1292.9394285714286,46.00773723322715,-33.866859941617804,-24.29382323410896,-9.573036707508845,1424.8343312693582,1126.0786687306418,1.5526070382670953,3.0008535414127504
2025-04-15,1232.64,1246.21,1221.75,1227.79,1004326388,VNINDEX,1270.033,1291.1297222222222,1291.1297222222222,44.03785220419692,-31.575480011131276,-25.750154589513425,-5.825325421617851,1417.9853328785678,1122.080667121432,-1.0995295785539483,2.9954797741271135
2025-04-16,1225.29,1233.84,1205.93,1210.3,762316491,VNINDEX,1263.9995000000001,1288.9451351351352,1288.9451351351352,41.581172284736304,-30.8156184700249,-26.763247365615722,-4.052371104409179,1411.3291637833888,1116.6698362166114,-1.4245107062282658,3.0045917764025565
2025-04-17,1201.63,1217.25,1197.5,1217.25,697587594,VNINDEX,1258.6305,1287.0584210526315,1287.0584210526315,42.94327226200752,-29.314694260098122,-27.273536744512203,-2.041157515585919,1404.4758230363557,1112.7851769636443,0.5742377922829167,3.0129289507107067
2025-04-18,1228.37,1234.67,1219.12,1219.12,1039406282,VNINDEX,1253.3899999999999,1285.31641025641,1285.31641025641,43.32616771925764,-27.655512109755136,-27.349931817560794,-0.30558029219434246,1396.8688631416526,1109.9111368583472,0.1536249743273599,3.0144566526667096
2025-04-21,1220.38,1222.77,1201.63,1207.07,819133019,VNINDEX,1247.6495,1283.36025,1283.36025,41.398262874507466,-27.00167410467475,-27.28028027498359,0.2786061703088407,1388.7578721601387,1106.5411278398612,-0.9884178751886519,3.017113999612556
2025-04-22,1201.38,1203.82,1136.98,1197.13,1615665359,VNINDEX,1240.99,1281.2570731707317,1281.2570731707317,39.82404545437083,-26.974630948504,-27.219150409687675,0.24451946118367474,1378.1881278067754,1103.7918721932247,-0.8234816539222978,3.008076103616484
2025-04-23,1215.65,1216.28,1202.27,1211.0,786534109,VNINDEX,1234.944,1279.5842857142857,1279.5842857142857,43.076767197397686,-25.539601342404467,-26.883240596231033,1.3436392538265665,1365.7800586704639,1104.107941329536,1.158604328686108,3.027929051616839
2025-04-24,1214.78,1224.66,1210.37,1223.35,741425986,VNINDEX,1229.807,1278.276511627907,1278.276511627907,45.8818276546038,-23.139055624322054,-26.13440360184924,2.995347977527185,1353.444760217415,1106.169239782585,1.0198183319570564,3.0452490890759667
2025-04-25,1227.16,1230.72,1220.67,1229.23,787289901,VNINDEX,1225.078,1277.1618181818183,1277.1618181818183,47.215514938241796,-20.525533416430335,-25.01262956476546,4.487096148335127,1340.5417376841754,1109.6142623158246,0.480647402623946,3.0508398833111707
2025-04-28,1234.3,1234.3,1222.56,1226.8,576313016,VNINDEX,1220.5449999999998,1276.0426666666667,1276.0426666666667,46.70327684419136,-18.43783899809432,-23.697671451431237,5.259832453336916,1327.5462046169282,1113.5437953830715,-0.19768472946478655,3.0507413670431087
2025-04-29,1227.25,1229.1,1222.3,1226.3,561661016,VNINDEX,1216.517,1274.9613043478262,1274.9613043478262,46.59127114643061,-16.63194919457669,-22.28452700006033,5.652577805483638,1315.6100659000608,1117.4239340999393,-0.04075643951744201,3.049022760074969
2025-05-05,1226.3,1241.51,1226.3,1240.05,562287398,VNINDEX,1212.653,1274.2185106382979,1274.2185106382979,50.13306146591671,-13.930674286469184,-20.613756457342102,6.683082170872918,1300.5934712770018,1124.7125287229983,1.1212590720052207,3.0557917302096156
2025-05-06,1240.05,1251.02,1240.05,1241.95,723040799,VNINDEX,1208.859,1273.54625,1273.54625,50.62035889502516,-11.503969736966837,-18.79179911326705,7.287829376300213,1283.1875380909441,1134.5304619090557,0.15321962824079716,3.056486272206806
2025-05-07,1241.95,1250.79,1240.2,1250.37,696102300,VNINDEX,1209.8854999999999,1273.0732653061223,1273.0732653061223,52.82063256267374,-8.799925206878015,-16.793424331989243,7.993499125111228,1285.9801248810622,1133.7908751189375,0.6779661016949046,2.659368018102925
2025-05-08,1250.37,1271.44,1250.37,1269.8,780069567,VNINDEX,1212.842,1273.0078,1273.0078,57.524086472159524,-5.031116242200369,-14.44096271403147,9.4098464718311,1293.5215816078714,1132.1624183921288,1.553940033750023,2.647232948918742
2025-05-09,1269.8,1279.61,1264.87,1267.3,693909959,VNINDEX,1219.5674999999999,1272.2626,1272.8958823529413,56.74028124676934,-2.220441227228548,-11.996858416670886,9.776417189442338,1294.3603786013332,1144.7746213986666,-0.1968813986454543,2.1333282874673514
2025-05-12,1267.3,1283.86,1267.3,1283.26,831857112,VNINDEX,1229.0155,1271.8645999999999,1273.0951923076923,60.445640661808156,1.2801211489145317,-9.341462503553803,10.621583652468335,1281.633034989974,1176.397965010026,1.2593703148425783,1.9192912446383914
2025-05-13,1283.26,1293.7,1283.26,1293.43,883805575,VNINDEX,1235.27,1271.674,1273.4788679245285,62.641520590047286,4.819420775249682,-6.509285847793106,11.328706623042788,1287.2542279724803,1183.2857720275197,0.792512818914326,1.3141237928663785
2025-05-14,1293.43,1310.57,1292.34,1309.73,915939876,VNINDEX,1239.6335000000001,1271.7125999999998,1274.1501851851851,65.9082616815066,8.837739049156426,-3.4398808684032005,12.277619917559626,1300.9104427830907,1178.3565572169096,1.2602150870166806,0.9138323335102967
2025-05-15,1309.73,1316.16,1301.61,1313.2,1046611026,VNINDEX,1243.2215,1271.8694,1274.8601818181817,66.57827122493279,12.16208824895034,-0.31948704493249247,12.481575293882832,1312.7869092128224,1173.6560907871778,0.26494010215847297,0.8688487098432934
2025-05-16,1313.2,1318.03,1299.55,1301.39,849810205,VNINDEX,1246.9015000000002,1271.7097999999999,1275.3339285714285,62.10463215607294,13.68592778441348,2.481595920936702,11.204331863476778,1320.6885184774364,1173.114481522564,-0.8993298812062123,0.853068541547384
2025-05-19,1301.39,1306.2,1291.66,1296.29,829016708,VNINDEX,1251.2009999999998,1271.3973999999998,1275.7015789473685,60.22274349062011,14.31701656251812,4.848680049252986,9.468336513265134,1326.0219505982184,1176.3800494017812,-0.3918886728805471,0.7708044101982475
2025-05-20,1296.29,1316.67,1296.29,1315.15,856903527,VNINDEX,1256.096,1271.6062,1276.381724137931,64.50606151438097,16.152803877984297,7.109504814999248,9.04329906298505,1334.2980504240543,1177.8939495759457,1.454921352475158,0.8087167831665355
2025-05-21,1315.15,1331.6,1313.13,1323.05,989954494,VNINDEX,1261.2925,1271.7028,1277.172711864407,66.15032020428339,18.037220676392508,9.2950479872779,8.742172689114607,1342.8877198999812,1179.6972801000188,0.6006919362810281,0.8079993197254364
2025-05-22,1323.05,1331.93,1312.8,1313.84,1118092439,VNINDEX,1266.6309999999999,1271.4586,1277.7838333333334,62.5144087060163,18.573362376838986,11.150710865190119,7.422651511648867,1347.2543911206258,1186.007608879374,-0.6961188163712606,0.7835917784785986
2025-05-23,1313.84,1320.07,1308.62,1314.46,641199057,VNINDEX,1272.4975,1271.1422,1278.3850819672132,62.663185555183944,18.83121285580023,12.68681126331214,6.144401592488091,1348.7857773294475,1196.2092226705524,0.047189916580414604,0.7329791970453078
2025-05-26,1314.46,1332.51,1288.86,1332.51,959629532,VNINDEX,1278.5729999999999,1271.1416,1279.258064516129,66.79503271216672,20.25851778540482,14.201152567730677,6.057365217674143,1353.5829707337205,1203.5630292662793,1.3731874686182977,0.7450431003999395
2025-05-27,1332.51,1339.81,1329.6,1339.81,1052148659,VNINDEX,1284.396,1271.2495999999999,1280.2192063492064,68.32188376128903,21.72824651617293,15.70657135741913,6.021675158753801,1359.4371795440898,1209.3548204559102,0.5478382901441536,0.7345070614803493
2025-05-28,1339.81,1348.05,1337.18,1341.87,898547998,VNINDEX,1290.028,1271.5616,1281.1825,68.7584550404211,22.796458524424906,17.124548790820285,5.671909733604622,1364.5421217558962,1215.5138782441038,0.15375314410250862,0.7376132696135513
2025-05-29,1341.87,1348.31,1335.62,1341.86,894918607,VNINDEX,1295.7810000000002,1271.8758,1282.116,68.75350158683881,23.372790342577673,18.374197101171763,4.99859324140591,1367.4535289515843,1224.108471048416,-0.0007452286734155322,0.7298995420336293
2025-05-30,1341.86,1345.78,1328.69,1332.6,910315797,VNINDEX,1301.096,1271.8026,1282.880909090909,64.14519081223972,22.819286321557,19.263214945248812,3.5560713763081893,1366.5716910777207,1235.6203089222793,-0.6900868943108818,0.7664847779198238
2025-06-02,1332.6,1336.33,1322.95,1336.3,860225663,VNINDEX,1305.9085,1271.9092,1283.678208955224,65.15031835473357,22.420737173218185,19.89471939084269,2.5260177823754972,1366.455251757802,1245.361748242198,0.27765270898993943,0.748830996441192
2025-06-03,1336.3,1350.89,1336.3,1347.25,1034655094,VNINDEX,1311.1734999999999,1272.3616,1284.613088235294,68.00859433348528,22.726480864141195,20.46107168550239,2.265409178638805,1366.3804672471815,1255.9665327528182,0.8194267754246809,0.7531521526523344
2025-06-04,1347.25,1351.14,1341.53,1345.74,952312254,VNINDEX,1315.942,1272.7978,1285.4989855072463,67.19020711936591,22.586576566555095,20.886172661712934,1.7004039048421618,1365.1891731916485,1266.6948268083515,-0.11208016329560255,0.7590768022717134
2025-06-05,1345.74,1347.49,1336.11,1342.09,756606282,VNINDEX,1319.5565000000001,1273.202,1286.3074285714285,65.14938133045513,21.928399962274852,21.09461812182532,0.8337818404495323,1365.0096357380417,1274.1033642619586,-0.27122623983830696,0.7179659834676374
2025-06-06,1342.09,1344.92,1325.45,1329.89,900453514,VNINDEX,1322.6860000000001,1273.1933999999999,1286.9212676056338,58.72842178754178,20.189618862485077,20.913618269957272,-0.7239994074721956,1361.0570550998204,1284.3149449001799,-0.9090299458307416,0.7593131375628566
2025-06-09,1329.89,1331.56,1309.05,1310.57,718350414,VNINDEX,1324.0515,1272.7663999999997,1287.249722222222,50.27764651892549,17.056048270199653,20.142104270005753,-3.0860559998060992,1358.2296741836228,1289.8733258163772,-1.4527517313462135,0.808998909820886
2025-06-10,1310.57,1323.61,1299.94,1316.23,702729250,VNINDEX,1325.1915,1272.5692,1287.646712328767,52.43694156383848,14.858110646384148,19.085305545281432,-4.2271948988972845,1356.4668767447502,1293.9161232552497,0.43187315442898555,0.7968776446902204
2025-06-11,1316.23,1322.07,1306.25,1315.2,539559282,VNINDEX,1325.465,1272.397,1288.019054054054,51.9944320351936,12.884591304119795,17.845162697049105,-4.96057139292931,1356.2631021288096,1294.6668978711903,-0.07825380062754794,0.748181139072033
2025-06-12,1315.2,1326.03,1308.63,1322.99,810972360,VNINDEX,1325.9544999999998,1272.5076000000001,1288.4853333333333,55.08182754579753,11.812978243324324,16.63872580630415,-4.825747562979828,1356.2387251623504,1295.6702748376492,0.5923053527980615,0.757267050239209
2025-06-13,1322.99,1326.62,1304.12,1315.49,1163417530,VNINDEX,1326.6595,1272.6802,1288.8406578947368,51.63846709716011,10.240483927962487,15.35907743063582,-5.118593502673333,1355.1386280728398,1298.1803719271602,-0.5668977089773874,0.7389951132207937
2025-06-16,1315.49,1338.66,1307.37,1338.11,778082690,VNINDEX,1328.7505,1273.0958,1289.4805194805194,59.8006949063853,10.696216485123841,14.426505241533425,-3.7302887564095837,1353.7721760555985,1303.7288239444017,1.719511360785697,0.8181450821348942
2025-06-17,1338.11,1353.01,1338.11,1347.69,762355364,VNINDEX,1330.3775,1273.693,1290.226794871795,62.67397514837753,11.695594226659068,13.880323038558554,-2.184728811899486,1355.9022610432596,1304.8527389567405,0.715935162281145,0.7720732660588637
2025-06-18,1347.69,1353.99,1341.64,1346.83,766359975,VNINDEX,1331.5665000000001,1276.0328,1290.9432911392405,62.243870971585835,12.27669537200245,13.559597505247334,-1.2829021332448836,1357.8580109573559,1305.2749890426444,-0.06381289465678952,0.7647937150535582
2025-06-19,1346.83,1353.96,1342.08,1352.04,650852162,VNINDEX,1333.4765,1278.8601999999998,1291.7069999999999,63.861862132831924,13.007681222377187,13.449214248673304,-0.441533026296117,1359.8957125266068,1307.0572874733932,0.38683427010091087,0.7441239303845066
2025-06-20,1352.04,1356.78,1342.31,1349.35,778282664,VNINDEX,1335.221,1283.1914,1292.4186419753087,62.37557577740429,13.217568356176116,13.402885070173866,-0.18531671399775007,1360.9518145390268,1309.4901854609732,-0.1989586106919905,0.7478709057700874
2025-06-23,1349.35,1358.26,1338.49,1358.18,734132370,VNINDEX,1336.5045,1288.469,1293.2206097560975,65.23571589954518,13.935769747543645,13.509462005647823,0.42630774189582255,1364.155231769125,1308.853768230875,0.6543891503316468,0.700972839113624
2025-06-24,1358.18,1371.24,1355.53,1366.77,881509880,VNINDEX,1337.8525,1292.4376,1294.1067469879517,67.80013302759474,15.024893119725903,13.81254822846344,1.2123448912624628,1368.633239620396,1307.071760379604,0.6324640327497022,0.7040810110545757
2025-06-25,1366.77,1371.57,1364.09,1366.75,733106140,VNINDEX,1339.0965,1295.3234,1294.9715476190477,67.78759506065954,15.705375612236367,14.191113705218026,1.5142619070183407,1372.463299303936,1305.7297006960641,-0.0014633039940870063,0.7043361069073036
2025-06-26,1366.75,1372.74,1360.78,1365.67,598738983,VNINDEX,1340.2869999999998,1297.808,1295.803294117647,67.06635519779101,15.97338468058797,14.547567900292014,1.4258167802959552,1375.7049520939022,1304.8690479060974,-0.07901957197731235,0.7051088103658409
2025-06-27,1365.67,1373.28,1362.09,1371.44,677782586,VNINDEX,1342.2289999999998,1300.681,1296.6827906976744,68.9661302068297,16.461615321825548,14.930377384598723,1.531237937226825,1380.0500216678454,1304.4079783321542,0.42250324016783747,0.6838652706571039
2025-06-30,1371.44,1377.3,1371.44,1376.07,636408174,VNINDEX,1344.2175,1303.9964,1297.5952873563217,70.43966884912118,17.02588017952644,15.349477943584267,1.676402235942172,1384.8066314853677,1303.6283685146323,0.3376013533220368,0.6846038039826978
2025-07-01,1376.07,1382.16,1369.74,1377.84,725237758,VNINDEX,1345.7469999999998,1307.2082,1298.5071590909092,71.00643534340409,17.415137487645097,15.762609852396434,1.6525276352486635,1389.033092624958,1302.4609073750416,0.12862717739650087,0.6661753711102232
2025-07-02,1377.84,1384.72,1372.27,1384.59,848885603,VNINDEX,1347.6895,1310.5176000000001,1299.474382022472,73.12281619825103,18.060109595285894,16.222109800974327,1.8379997943115676,1394.3310673994054,1301.0479326005945,0.48989723044765565,0.6689959411874892
2025-07-03,1384.59,1392.39,1377.06,1381.96,1315032525,VNINDEX,1349.683,1314.0154,1300.3908888888889,70.94971707026275,18.14981583807844,16.60765100839515,1.5421648296832906,1398.6662452987712,1300.6997547012288,-0.18994792682309747,0.6665799722768143
2025-07-04,1381.96,1388.04,1379.4,1386.97,834917440,VNINDEX,1352.5369999999998,1317.8122,1301.3423076923077,72.6190458004821,18.412921118464965,16.96870503040911,1.4442160880558532,1403.284264836842,1301.7897351631575,0.36252858259284704,0.6193636071962624
2025-07-07,1386.97,1402.32,1386.97,1402.06,1230455872,VNINDEX,1357.1115,1321.6334,1302.4370652173911,76.92082386205811,19.612984559013057,17.4975609361299,2.1154236228831564,1408.4214572874664,1305.8015427125335,1.0879831575304477,0.5109815591501117
2025-07-08,1402.06,1415.65,1400.79,1415.46,1174871653,VNINDEX,1362.0729999999999,1325.4756,1303.652365591398,79.9354236115476,21.398641276718536,18.27777700424763,3.1208642724709073,1415.8685220597745,1308.2774779402253,0.9557365590630917,0.5290877494743713
2025-07-09,1415.46,1432.29,1415.46,1431.32,1430949638,VNINDEX,1367.879,1329.5174,1305.0105319148936,82.79921112034329,23.818986097978268,19.386018822993755,4.432967274984513,1425.3157892006825,1310.4422107993173,1.1204838003193274,0.5438760405894316
2025-07-10,1431.32,1446.16,1431.32,1445.64,1073701407,VNINDEX,1374.0115,1333.8942000000002,1306.4908421052633,84.89545988884521,26.58616239841831,20.82604753807867,5.760114860339641,1437.17340933249,1310.84959066751,1.0004750859346823,0.5579473036498509
2025-07-11,1445.64,1463.91,1445.64,1457.76,1232260482,VNINDEX,1381.125,1338.5234,1308.0665625,86.40554223400025,29.418039415590556,22.54444591358105,6.873593502009506,1448.444794383144,1313.805205616856,0.8383829999169867,0.5101486637857601
2025-07-14,1457.76,1473.93,1447.72,1470.42,1256774726,VNINDEX,1387.7404999999999,1343.1308,1309.7403092783504,87.77985406405395,32.31141269781233,24.497839270427306,7.813573427385023,1462.8191182961725,1312.6618817038272,0.8684557128745496,0.4343394870904463
2025-07-15,1470.42,1476.32,1460.16,1460.65,1332298301,VNINDEX,1393.3885,1347.5047999999997,1311.2802040816325,80.97642969870913,33.43070615029046,26.284412646399936,7.146293503890526,1472.659586459189,1314.117413540811,-0.6644360114797077,0.49868735302555983
2025-07-16,1460.65,1475.47,1457.04,1475.47,1218566877,VNINDEX,1399.8205,1352.0067999999999,1312.9386868686868,83.11433820973433,35.10889097886684,28.04930831289332,7.059582665973519,1483.9142017417519,1315.7267982582482,1.0146167802005834,0.5036709995172387
2025-07-17,1475.47,1494.46,1475.47,1490.01,1405002217,VNINDEX,1406.719,1356.411,1314.7094,84.90653954304307,37.18349287044248,29.876145224403153,7.307347646039325,1496.7367752972864,1316.7012247027137,0.9854487044806071,0.5168119591224255
2025-07-18,1490.01,1501.2,1484.29,1497.28,1459740870,VNINDEX,1414.1154999999999,1361.0106,1316.5170297029704,85.7225114700089,38.96509272429307,31.69393472438114,7.271157999911932,1508.4900368144731,1319.7409631855267,0.4879161884819627,0.49091210738240515
2025-07-21,1497.28,1511.96,1481.37,1485.05,1388969063,VNINDEX,1420.459,1365.0464000000002,1318.1693137254902,78.07572198053415,38.94127388928382,33.14340255736168,5.797871331922138,1516.0505113826534,1324.8674886173467,-0.8168144902756969,0.5734216151231999
2025-07-22,1485.05,1509.54,1476.61,1509.54,1226974741,VNINDEX,1427.5974999999999,1369.3685999999998,1320.027281553398,81.61281516496933,40.4324554414643,34.6012131341822,5.831242307282096,1527.5322188760788,1327.662781123921,1.6491027238140221,0.6325469853654245
2025-07-23,1509.54,1523.37,1507.14,1512.31,1439115085,VNINDEX,1434.8754999999999,1373.4201999999998,1321.8761538461538,81.96718792000904,41.360960014352486,35.95316251021626,5.4077975041362265,1537.321795964475,1332.4292040355247,0.18349960915244878,0.6261507353166837
2025-07-24,1512.31,1525.32,1502.82,1521.02,1390154530,VNINDEX,1442.643,1377.5766,1323.7727619047619,83.07196510776338,42.311885705198165,37.22490714921264,5.0869785559855245,1546.5429512891774,1338.7430487108227,0.5759401180974733,0.6107069375984834
2025-07-25,1521.02,1534.51,1519.79,1531.13,1405568881,VNINDEX,1450.6275,1382.1714000000002,1325.7289622641508,84.2761362030974,43.38122195067331,38.456170109504775,4.925051841168532,1556.0212345336333,1345.2337654663668,0.6646855399666141,0.6106159264831259
2025-07-28,1531.13,1558.12,1531.13,1557.42,1788192102,VNINDEX,1459.6950000000002,1387.394,1327.8942990654207,86.88812127404736,45.82185608088116,39.92930730378006,5.892548777101105,1569.204588813509,1350.1854111864914,1.7170325184667545,0.6607345952750495
2025-07-29,1562.6,1566.74,1490.24,1493.41,2642722700,VNINDEX,1465.4735,1390.9592000000002,1329.426851851852,60.52536736070783,42.10563659792865,40.36457316260978,1.7410634353188712,1568.8199298316388,1362.1270701683613,-4.110002439932714,1.247171090991697
2025-07-30,1493.41,1512.15,1482.45,1507.63,1620038736,VNINDEX,1471.6255,1394.6508,1331.061743119266,63.19684688526263,39.84859128680705,40.26137678744924,-0.4127855006421868,1569.1856185720264,1374.0653814279738,0.952183258448791,1.2529796590140252
2025-07-31,1507.63,1528.66,1488.3,1502.52,1651133772,VNINDEX,1477.6535,1398.4244,1332.6204545454545,61.58394754670114,37.218500615280846,39.65280155301556,-2.4343009377347116,1566.3851736363858,1388.921826363614,-0.3389425787494349,1.2573210967174218
2025-08-01,1502.52,1509.22,1479.98,1495.21,1378350894,VNINDEX,1483.0655000000002,1402.0394000000001,1334.0852252252253,59.25418302057446,34.150611905506366,38.55236362351372,-4.401751718007354,1561.0630177675098,1405.0679822324905,-0.4865159864760549,1.273827541746933
2025-08-04,1495.21,1528.21,1491.11,1528.19,1228661002,VNINDEX,1489.3719999999998,1405.953,1335.8183035714285,65.58069775811722,33.98869782342672,37.63963046349632,-3.6509326400695983,1559.8232542490287,1418.920745750971,2.205710234682745,1.3296236311017577
2025-08-05,1528.19,1584.98,1519.08,1547.15,2697027395,VNINDEX,1495.9565,1410.0998000000002,1337.6884955752212,68.5992194602611,34.98698510586087,37.10910139196923,-2.1221162861083656,1561.7860279370825,1430.1269720629175,1.2406834228728236,1.3369455903633847
2025-08-06,1547.15,1574.34,1547.15,1573.71,1325741058,VNINDEX,1503.076,1414.7366,1339.758859649123,72.26819487373164,37.489153374368016,37.18511178844899,0.3040415859190233,1570.2571942357783,1435.8948057642217,1.7167049090262676,1.3590442548612358
2025-08-07,1573.71,1588.38,1567.72,1581.81,1605153483,VNINDEX,1509.8845000000001,1419.5356,1341.8636521739131,73.29306773781595,39.668468645997564,37.681783159958705,1.9866854860388585,1580.0891201733343,1439.679879826666,0.5147072840612221,1.3536621438495458
2025-08-08,1581.81,1592.52,1565.45,1584.95,1817288244,VNINDEX,1516.2440000000001,1424.5826000000002,1343.959224137931,73.69885261908757,41.17433139561035,38.380292807089035,2.7940385885213175,1589.542628234439,1442.9453717655613,0.19850677388562055,1.3518067966078233
2025-08-11,1584.95,1601.79,1584.95,1596.86,1589742304,VNINDEX,1522.5660000000003,1429.7938000000001,1346.1207692307694,75.23581318712282,42.83500071344838,39.27123438836091,3.563766325087471,1600.86370323981,1444.2682967601904,0.7514432631944068,1.3500519024383
2025-08-12,1603.5,1608.34,1591.18,1608.22,1583593191,VNINDEX,1529.9445,1435.0132,1348.3419491525424,76.63813227172733,44.55415757826768,40.32781902634226,4.226338551925416,1611.4231901362157,1448.4658098637844,0.7113961148754511,1.3266245577189328
2025-08-13,1615.57,1618.31,1585.54,1611.6,1863151895,VNINDEX,1536.751,1440.3304,1350.5542016806723,77.05446825872177,45.6629652919778,41.39484827946937,4.2681170125084265,1621.7374028505221,1451.7645971494778,0.21017025033887027,1.32209639521756
2025-08-14,1623.18,1641.28,1611.6,1640.69,1752441563,VNINDEX,1544.285,1446.3023999999998,1352.9720000000002,80.30724703994633,48.33188341192772,42.782255305961044,5.549628105966676,1638.0833758135536,1450.4866241864465,1.8050384710846412,1.351911369009269
2025-08-15,1658.24,1666.54,1615.26,1630.0,2011992093,VNINDEX,1550.921,1452.3046,1355.2614876033058,76.04121496563855,49.019361900071544,44.02967662478315,4.9896852752883945,1649.3807208373344,1452.4612791626657,-0.6515551383869056,1.3758737649742738
2025-08-18,1638.37,1642.71,1625.61,1636.37,1514197226,VNINDEX,1558.4869999999999,1458.8206,1357.565655737705,76.83102493383092,49.507507588502676,45.12524281752706,4.382264770975617,1658.8711671516685,1458.1028328483312,0.3907975460122559,1.344195909289407
2025-08-19,1646.73,1665.48,1636.37,1654.2,1789073441,VNINDEX,1565.72,1465.58,1359.9773170731708,78.92522145443834,50.74810597586611,46.24981544919488,4.498290526671234,1671.9318078478707,1459.5081921521294,1.089606873751059,1.3245927963338855
2025-08-20,1662.11,1672.7,1614.6,1664.36,2280731304,VNINDEX,1573.3225,1472.5631999999998,1362.4320161290323,80.03275238383968,51.95224310584149,47.3903009805242,4.561942125317287,1685.0606949257292,1461.5843050742708,0.6141941724096212,1.3232405848146955
2025-08-21,1674.76,1693.68,1664.36,1688.0,1635930140,VNINDEX,1581.6715,1479.8634,1365.03656,82.35615524153712,54.18941899849074,48.75012458411751,5.439294414373229,1701.607471036291,1461.735528963709,1.4203657862481789,1.3395457183164838
2025-08-22,1680.42,1691.71,1629.49,1645.47,2234242998,VNINDEX,1587.3885,1486.463,1367.2622222222224,67.20514955354693,51.931942344600884,49.38648813621418,2.545454208386701,1708.0787516928403,1466.6982483071597,-2.5195497630331687,1.5021577370092383
2025-08-25,1659.7,1661.47,1608.53,1614.03,1449075936,VNINDEX,1590.219,1491.9814,1369.2052755905513,58.6197381688024,47.06341285970598,48.92187308091255,-1.8584602212065704,1710.6048480754237,1469.8331519245764,-1.9107002862404077,1.5494269579220994
2025-08-26,1611.61,1667.96,1601.65,1667.63,1229376641,VNINDEX,1598.93,1498.3801999999998,1371.53671875,66.48135609656893,46.98848619365208,48.53519570346046,-1.5467095098083803,1714.9548829936105,1482.9051170063897,3.320880033208806,1.340896986466359
2025-08-27,1678.54,1696.6,1667.23,1672.78,1477066097,VNINDEX,1607.1875,1504.8991999999998,1373.8719379844963,67.12757194572154,46.805127851944235,48.18918213315722,-1.3840542812129826,1719.2944323881015,1495.0805676118985,0.3088215011723072,1.3387530890542922
2025-08-28,1679.33,1684.16,1659.68,1680.86,1098450679,VNINDEX,1616.1045,1511.4756,1376.2333846153847,68.16459950623258,46.772637665683305,47.90587323966244,-1.1332355739791353,1721.3159905621642,1510.8930094378356,0.4830282523702989,1.3232133384116664
2025-08-29,1690.11,1694.42,1677.82,1682.21,1460861015,VNINDEX,1625.4545,1518.1328,1378.5690839694655,68.34428694019465,46.32185318738016,47.58906922920599,-1.267216041825833,1717.8904593903667,1533.0185406096334,0.08031602869960075,1.3053271056978266
2025-09-03,1682.11,1692.69,1670.39,1681.3,1241257543,VNINDEX,1633.1100000000001,1524.5952000000002,1380.8625,68.06540133033403,45.368197505662465,47.14489488449729,-1.7766973788348253,1716.5519238310571,1549.6680761689431,-0.05409550531741969,1.2557972076956454
2025-09-04,1687.59,1696.29,1675.95,1696.29,1289344174,VNINDEX,1640.5669999999998,1531.1856,1383.2341353383458,70.2210509863742,45.299798353255255,46.775875578248886,-1.476077224993631,1718.1116742817965,1563.022325718203,0.8915719978588088,1.2471521259449074
2025-09-05,1705.13,1711.49,1665.45,1666.97,1651250921,VNINDEX,1645.23,1537.19,1385.351567164179,61.47940193365471,42.39105487654592,45.898911437908296,-3.507856561362374,1716.8356113649174,1573.6243886350826,-1.728478031468672,1.3023901255156152
2025-09-08,1660.91,1667.36,1623.32,1624.53,1769876607,VNINDEX,1647.366,1542.3672,1387.1232592592592,51.487966728826635,36.24350879221174,43.96783090876899,-7.724322116557246,1713.3326912439938,1581.3993087560061,-2.5459366395316096,1.447148804136004
2025-09-09,1629.58,1637.32,1613.01,1637.32,1012829196,VNINDEX,1649.9845,1547.6847999999998,1388.9629411764706,53.91851664896021,32.034308768392066,41.581126480693605,-9.54681771230154,1709.3462897569982,1590.6227102430018,0.7873046358023439,1.4543025838067805
2025-09-10,1646.41,1652.68,1629.29,1643.26,833100714,VNINDEX,1652.3044999999997,1553.0286,1390.8191240875913,55.04502246095989,28.84528528798137,39.03395824215116,-10.188672954169789,1706.3093989882673,1598.2996010117322,0.362787970586087,1.4487487378817492
2025-09-11,1638.75,1659.19,1605.76,1657.75,1197131426,VNINDEX,1654.7810000000002,1558.6268,1392.7534057971015,57.75783496815783,27.17393885417846,36.66195436455662,-9.488015510378162,1704.6588773447425,1604.903122655258,0.8817837712839172,1.4526989681182547
2025-09-12,1662.02,1675.38,1653.79,1667.26,1006501112,VNINDEX,1657.5639999999999,1564.2802,1394.7282733812951,59.48584246135623,26.313437359271347,34.592250963499566,-8.278813604228219,1703.339855460646,1611.7881445393537,0.5736691298446672,1.4556067405976785
2025-09-15,1672.59,1684.9,1665.61,1684.9,1122425898,VNINDEX,1659.7745,1570.3390000000002,1396.8009285714286,62.54636885261093,26.7465665315317,33.023114077105994,-6.276547545574296,1706.3816742726403,1613.1673257273596,1.0580233436896513,1.420883544928713
2025-09-16,1696.87,1697.26,1675.87,1680.9,1232560447,VNINDEX,1662.3195,1576.2176000000002,1398.815815602837,61.41344973966755,26.46202025302864,31.710895312290525,-5.248875059261884,1707.621554548462,1617.0174454515382,-0.2374028132233419,1.411688051751585
2025-09-17,1678.09,1684.62,1662.63,1670.97,967047675,VNINDEX,1664.0494999999999,1581.5958,1400.7323943661972,58.576858115162935,25.145386898042034,30.397793629440827,-5.252406731398793,1707.7949558120786,1620.3040441879211,-0.5907549527039091,1.4203996547370596
2025-09-18,1675.85,1679.63,1645.58,1665.18,863667370,VNINDEX,1664.5985,1586.5901999999999,1402.5816783216783,56.925821783260226,23.365399091165727,28.99131472178581,-5.6259156306200815,1708.098398741518,1621.0986012584822,-0.34650532325535277,1.4047117043129833
2025-09-19,1671.24,1671.94,1638.44,1658.62,863955588,VNINDEX,1664.3114999999998,1591.1362,1404.3597222222222,55.03319390142767,21.18124455197585,27.42930068782382,-6.248056135847968,1707.8936881892637,1620.729311810736,-0.3939514046529591,1.4011997486873509
2025-09-22,1656.66,1666.43,1616.02,1634.45,1138988356,VNINDEX,1661.634,1594.9124,1405.9465517241379,48.619295439516456,17.30053949076455,25.403548448411964,-8.103008957647415,1705.6659689603173,1617.6020310396827,-1.4572355331540554,1.394542336289924
2025-09-23,1635.12,1643.59,1624.08,1635.26,657137789,VNINDEX,1661.1235000000001,1598.4624,1407.517191780822,48.83450797732294,14.127559291915304,23.148350617112634,-9.02079132519733,1706.169601893344,1616.0773981066563,0.049557955275481014,1.278457487779424
2025-09-24,1635.36,1657.48,1619.09,1657.46,942294584,VNINDEX,1663.295,1602.2032000000002,1409.2174829931973,54.46406717343671,13.251548488920207,21.16899019147415,-7.917441702553944,1702.6042567107788,1623.9857432892213,1.35758228049363,1.2325736865305899
2025-09-25,1661.08,1668.21,1654.47,1666.09,914938950,VNINDEX,1663.218,1606.3120000000001,1410.9531081081082,56.46917017100567,13.102633489549135,19.55571885108915,-6.453085361540015,1702.4975249193617,1623.9384750806385,0.5206762154139399,0.9867717216132846
2025-09-26,1666.68,1671.43,1652.65,1660.7,899321657,VNINDEX,1662.614,1610.0166,1412.6292617449665,54.84481615550026,12.406672923209271,18.125909665513174,-5.719236742303902,1701.645154304117,1623.582845695883,-0.3235119351295501,0.9864875327776911
2025-09-29,1659.24,1674.84,1639.2,1666.48,808656985,VNINDEX,1661.895,1613.546,1414.3216,56.296620393294326,12.181100708290842,16.936947874068707,-4.755847165777865,1700.0304580133864,1623.7595419866136,0.34804600469682256,0.9832379117592265
2025-09-30,1667.86,1676.8,1645.97,1661.7,1048764085,VNINDEX,1660.8695,1616.8344,1415.9598675496688,54.72948489868941,11.48424383667907,15.846407066590782,-4.362163229911712,1697.7884533266163,1623.9505466733838,-0.28683212519802215,0.9843329908813705
2025-10-01,1664.95,1671.07,1658.81,1665.05,665999631,VNINDEX,1660.057,1620.4344,1417.5986184210526,55.66104582104896,11.0746352468218,14.892052702636985,-3.8174174558151854,1695.778617868651,1624.335382131349,0.20160077029547363,0.9860274665415194
2025-10-02,1668.04,1679.73,1646.77,1652.71,735858787,VNINDEX,1657.878,1623.2978,1419.1352941176472,51.460328867660635,9.643122702098026,13.842266702529194,-4.199144000431168,1689.3584825749851,1626.3975174250147,-0.7411188853187589,0.971988593862479
2025-10-03,1651.39,1656.58,1637.95,1645.82,814582654,VNINDEX,1656.8204999999998,1625.968,1420.6072727272726,49.22645147253865,7.86204452372931,12.646222266769218,-4.784177743039908,1688.435664565796,1625.2053354342036,-0.4168910456159969,0.8997053051434531
2025-10-06,1673.16,1695.5,1643.23,1695.5,1005160153,VNINDEX,1660.369,1629.4576000000002,1422.3807741935484,62.026562521348964,10.340093876588753,12.184996588733124,-1.8449027121443713,1692.6483849154895,1628.0896150845103,3.018556099694991,0.9494839253962657
2025-10-07,1703.9,1713.15,1675.4,1685.3,799007265,VNINDEX,1662.768,1632.5409999999997,1424.0661538461538,58.751651052373944,11.35007449348359,12.01801216968322,-0.6679376761996298,1694.966391983324,1630.569608016676,-0.6015924506045489,0.9564406282586734
2025-10-08,1701.06,1735.29,1680.87,1697.83,1016488853,VNINDEX,1665.4965,1635.3491999999999,1425.809872611465,61.444684194066866,13.011568429871431,12.216723421720863,0.7948450081505687,1699.9069808237589,1631.086019176241,0.7434878063252714,0.9646759043065606
2025-10-09,1702.76,1717.65,1697.83,1716.47,1043251858,VNINDEX,1668.4325000000001,1639.8103999999998,1427.6494936708862,65.0955467876165,15.651980278267956,12.903774793030282,2.7482054852376745,1709.4466777155187,1627.4183222844815,1.0978719895395894,0.9742552657265666
2025-10-10,1725.27,1747.57,1716.47,1747.55,998294168,VNINDEX,1672.4470000000001,1644.6088,1429.6614465408807,70.1679533728862,20.021625113583923,14.32734485714101,5.694280256442912,1726.5932989355408,1618.3007010644594,1.8106928754944684,1.037843704551749
2025-10-13,1738.23,1766.77,1704.63,1765.12,1231241730,VNINDEX,1676.4579999999999,1649.8608,1431.7580625,72.59274382119607,24.618564798078296,16.38558884532847,8.232975952749825,1744.571834007151,1608.3441659928487,1.0054075705988375,1.0357268963369013
2025-10-14,1782.97,1794.58,1753.25,1761.06,1491009356,VNINDEX,1680.466,1655.1778,1433.8034161490684,71.15352594415863,27.61572763011145,18.631616602285067,8.984111027826383,1758.4053611523593,1602.5266388476405,-0.23001269035533012,1.0355497115606416
2025-10-15,1766.12,1778.49,1747.51,1757.95,1107614674,VNINDEX,1684.8149999999998,1659.7730000000001,1435.8043209876541,70.00853160272943,29.40113181327024,20.785519644482104,8.615612168788136,1769.9024525971333,1599.7275474028663,-0.17659818518391823,1.022153850258309
2025-10-16,1764.51,1768.45,1753.5,1766.85,1087385525,VNINDEX,1689.8985,1664.167,1437.8352760736195,71.42562338601844,31.174868631263507,22.863389441838386,8.311479189425121,1781.913113089992,1597.883886910008,0.5062715094285908,1.0133161331840308
2025-10-17,1771.61,1777.35,1725.12,1731.19,1221045346,VNINDEX,1693.527,1667.3166,1439.624024390244,59.32948274007827,29.36460695155688,24.163632943782087,5.200974007774793,1786.0701290861093,1600.9838709138908,-2.018281121770371,1.130335710470005
2025-10-20,1723.59,1731.19,1635.08,1636.43,1636108645,VNINDEX,1693.6259999999997,1668.4090000000003,1440.8167878787879,39.96214349442353,20.052469089091346,23.34140017284394,-3.288931083752594,1785.906893249594,1601.3451067504054,-5.47369150699808,1.6713846928441576
2025-10-21,1640.8,1677.11,1609.7,1663.43,1530032193,VNINDEX,1695.0345000000002,1669.9786,1442.1578313253012,45.42839397459038,14.681962569050029,21.609512652085158,-6.927550083035129,1784.3776074064938,1605.6913925935066,1.6499330860470618,1.7107425619282195
2025-10-22,1678.82,1697.58,1628.37,1678.5,910675007,VNINDEX,1696.0865000000001,1671.6113999999998,1443.5730538922157,48.25995127688789,11.50915019501167,19.58944016067046,-8.080289965658789,1784.0515876379575,1608.1214123620427,0.9059593731025606,1.6961821180607608
2025-10-23,1680.73,1698.01,1668.57,1687.06,699304369,VNINDEX,1697.1350000000002,1673.1881999999998,1445.022380952381,49.851648564463446,9.575019130508508,17.586555954638072,-8.011536824129564,1784.0887320405807,1610.1812679594198,0.5099791480488447,1.696036531129785
2025-10-24,1684.88,1691.69,1660.32,1683.18,916269054,VNINDEX,1698.259,1674.6198000000002,1446.431597633136,49.11411362724286,7.641041582757907,15.597453080262039,-7.956411497504131,1783.7993690232113,1612.7186309767887,-0.22998589261792324,1.6950042982448998
2025-10-27,1696.45,1697.16,1652.11,1652.54,903493887,VNINDEX,1697.562,1674.8568,1447.644,43.625246858830685,3.5945230871386684,13.196867081637366,-9.602343994498698,1784.409829315635,1610.7141706843647,-1.820363835121619,1.7456280774888022
2025-10-28,1647.86,1680.77,1621.52,1680.5,876810299,VNINDEX,1698.502,1675.8668,1449.0057309941521,49.204021276386676,2.613637962796929,11.08022125786928,-8.46658329507235,1784.1136663471307,1612.8903336528692,1.6919408909920497,1.7857580998641245
2025-10-29,1685.9,1702.23,1675.68,1685.83,823542134,VNINDEX,1699.541,1676.856,1450.3826162790697,50.21542301118393,2.2405383586799417,9.312284678031412,-7.071746319351471,1783.939055078587,1615.142944921413,0.3171675096697468,1.78638756008893
2025-10-30,1688.83,1692.13,1661.38,1669.57,763111948,VNINDEX,1700.384,1677.1634,1451.6495953757226,47.132298948017095,0.6255966362668914,7.574947069678508,-6.949350433411617,1783.1332164122275,1617.6347835877725,-0.9645100632922676,1.792463085917059
2025-10-31,1669.61,1675.07,1626.79,1639.65,777803290,VNINDEX,1700.0755000000001,1676.6692,1452.7300574712644,42.019796264116565,-3.033581028145136,5.453241450113779,-8.486822478258915,1783.7223656033132,1616.4286343966871,-1.7920781997759816,1.8377761549586076
2025-11-03,1644.56,1652.48,1614.65,1617.0,965233110,VNINDEX,1696.1505000000002,1675.2492000000002,1453.668742857143,38.60583076111982,-7.672724998517879,2.8280481603874477,-10.500773158905327,1787.6954640398,1604.6055359602003,-1.3813923703229425,1.716447637057862
2025-11-04,1618.02,1658.93,1600.56,1651.98,1131564973,VNINDEX,1694.4845,1675.3794,1454.7955113636365,45.914262933296776,-8.429516143413593,0.5765352996272397,-9.006051443040834,1788.0513302618979,1600.9176697381022,2.1632653061224527,1.7939011240045466
2025-11-05,1647.46,1662.96,1640.51,1654.89,614850900,VNINDEX,1692.3375,1676.1966,1455.9259887005649,46.4849927337022,-8.694244064418172,-1.2776205731818426,-7.416623491236329,1787.537467464589,1597.137532535411,0.17615225365925635,1.784584769235693
2025-11-06,1656.67,1659.81,1638.12,1642.64,550189158,VNINDEX,1688.646,1675.6968,1456.9749438202248,44.36275473505692,-9.779780252505361,-2.978052509046546,-6.801727743458815,1785.615155247787,1591.676844752213,-0.7402304684903549,1.7662003469708007
2025-11-07,1636.24,1644.43,1595.34,1599.1,818296957,VNINDEX,1681.2235,1674.2232000000001,1457.768938547486,37.763555822088314,-13.992097434026846,-5.180861494042606,-8.81123593998424,1781.8648808948233,1580.5821191051768,-2.6506112112209768,1.7799606509131798
2025-11-10,1598.02,1609.49,1580.54,1580.54,656338910,VNINDEX,1671.9945,1672.2168,1458.451,35.34958891972394,-18.613461636825377,-7.867381522599161,-10.746080114226217,1774.0845752895577,1569.9044247104423,-1.1606528672378214,1.7538870054176736
2025-11-11,1585.32,1597.08,1578.42,1593.61,596030348,VNINDEX,1663.622,1670.4447999999998,1459.1977348066298,38.33877451913144,-20.979448272786385,-10.489794872636606,-10.489653400149779,1762.3676199374852,1564.876380062515,0.8269325673504024,1.7793277008524486
2025-11-12,1599.63,1631.86,1593.61,1631.86,682207403,VNINDEX,1657.3174999999999,1669.4559999999997,1460.1464285714287,46.1812903952245,-19.542777423208463,-12.300391382750977,-7.242386040457486,1746.3259934740643,1568.3090065259355,2.400210842050443,1.892385911759417
2025-11-13,1632.64,1638.98,1618.77,1631.44,629954183,VNINDEX,1650.547,1668.1589999999999,1461.0824590163936,46.1119383668466,-18.227975163018073,-13.485908138804396,-4.742067024213677,1723.6545841986642,1577.4394158013358,-0.025737501991585088,1.8833716944753252
2025-11-14,1627.45,1638.35,1623.03,1635.46,649838136,VNINDEX,1645.7604999999999,1667.5288,1462.0301630434783,46.933378633316565,-16.669449458731833,-14.122616402789884,-2.546833055941949,1708.4267455855293,1583.0942544144705,0.2464080812043301,1.847477557734472
2025-11-17,1640.47,1654.42,1635.14,1654.42,661269040,VNINDEX,1646.6599999999999,1668.1266,1463.070108108108,50.7468003700028,-13.745938443023533,-14.047280810836615,0.3013423678130813,1709.2787693401954,1584.0412306598043,1.1593068616780666,1.406426474924672
2025-11-18,1657.43,1660.41,1639.2,1659.92,706237540,VNINDEX,1646.4844999999998,1668.5786,1464.128440860215,51.828222155972945,-10.860043049599426,-13.409833258589178,2.5497902089897515,1708.9247914706823,1584.0442085293173,0.3324427896181037,1.3582687320360902
2025-11-19,1659.25,1661.7,1643.04,1649.0,741997320,VNINDEX,1645.0094999999997,1668.6933999999999,1465.1170588235295,49.50416380921044,-9.346363831964027,-12.597139373264149,3.250775541300122,1705.6327116306736,1584.3862883693257,-0.6578630295435928,1.348237277902828
2025-11-20,1651.93,1660.55,1647.79,1655.99,592496709,VNINDEX,1643.4560000000001,1668.6582,1466.132340425532,51.01826229287856,-7.496314714648861,-11.576974441541093,4.080659726892232,1701.0592438413767,1585.8527561586236,0.4238932686476682,1.3463908317263205
2025-11-21,1646.36,1658.77,1635.1,1654.93,666027161,VNINDEX,1642.0435000000002,1668.4116000000001,1467.1312698412698,50.769653703023664,-6.045976349633975,-10.47077482315967,4.424798473525696,1696.8635663510483,1587.223433648952,-0.0640100483698558,1.3459569511379412
2025-11-24,1656.03,1674.29,1654.93,1667.98,522154043,VNINDEX,1642.8155,1668.0731999999998,1468.1883684210525,53.75725994070785,-3.7997457063929687,-9.13656899980633,5.336823293413362,1698.682813284967,1586.9481867150328,0.7885529901566768,1.2933973188214016
2025-11-25,1670.08,1684.74,1655.83,1660.36,778049790,VNINDEX,1641.8084999999999,1667.6624,1469.1945026178012,51.78123678668755,-2.6044396958034213,-7.83014313900575,5.225703443202328,1695.4994308326898,1588.11756916731,-0.4568400100720682,1.2382898704507124
2025-11-26,1667.31,1682.17,1660.36,1680.36,682182877,VNINDEX,1641.5350000000003,1667.8501999999999,1470.2943229166667,56.319618639831695,-0.04282456276837365,-6.272679423758275,6.229854860989901,1694.329997570012,1588.7400024299886,1.2045580476523154,1.2677973715620248
2025-11-27,1686.03,1695.34,1679.76,1684.32,598407577,VNINDEX,1642.2725000000003,1668.2330000000002,1471.4032642487048,57.17901108910887,2.2805243256523227,-4.562038673876155,6.842562999528478,1697.0897999488366,1587.455200051164,0.23566378633150808,1.2484263262874054
2025-11-28,1683.77,1696.14,1679.12,1690.99,632979322,VNINDEX,1644.8395,1668.8803999999998,1472.5351546391753,58.65454179903125,4.606902807171082,-2.7282503776667077,7.3351531848377896,1703.7920684364947,1585.8869315635054,0.3960055096418724,1.1719026240701138
2025-12-01,1698.98,1713.77,1690.99,1701.67,519841839,VNINDEX,1649.0729999999999,1670.2248000000002,1473.7102051282052,60.97344126330769,7.229029505715289,-0.7367944009903082,7.965823906705597,1711.6566582335283,1586.4893417664714,0.6315826823340309,1.1176673079524135
2025-12-02,1704.84,1719.03,1690.36,1717.06,661265926,VNINDEX,1652.327,1671.8608000000002,1474.9517857142857,64.09823901047689,10.428712480292916,1.4963069752663367,8.93240550502658,1721.9219242250542,1582.7320757749458,0.9044056720750815,1.037499066085114
2025-12-03,1725.9,1741.65,1714.9,1731.77,720629160,VNINDEX,1656.1709999999998,1673.3469999999998,1476.2554314720812,66.83187865825029,13.99018817285014,3.9950832147830972,9.995104958067042,1734.328059929595,1578.0139400704047,0.8566969121638124,1.0478357908792564
2025-12-04,1735.41,1741.71,1725.23,1737.24,762188232,VNINDEX,1660.9009999999998,1674.77,1477.5735353535354,67.81331272933977,17.05743906390967,6.607554384608411,10.449884679301258,1746.6879274546031,1575.1140725453965,0.31586180612899195,1.0225391417751029
2025-12-05,1755.72,1758.44,1736.62,1741.32,629671556,VNINDEX,1668.012,1676.3824000000002,1478.898894472362,68.56057385140619,19.591639174410375,9.204371342568805,10.38726783184157,1755.7840263793244,1580.2399736206755,0.23485528769773278,0.7550733988638557
2025-12-08,1757.42,1758.41,1746.03,1753.74,609653976,VNINDEX,1676.672,1678.1275999999998,1480.2730999999999,70.78419159670624,22.344626278940495,11.832422329843144,10.512203949097351,1762.2556778830858,1591.0883221169142,0.713252015712218,0.6572874059170094
2025-12-09,1772.03,1772.03,1724.66,1747.17,895768193,VNINDEX,1684.35,1679.8369999999998,1482.48615,68.04264783043709,23.722782827743913,14.2104944294233,9.512288398320614,1766.0211333400503,1602.6788666599496,-0.3746279380067663,0.6825040528345605
2025-12-10,1748.82,1748.82,1713.0,1718.98,518373930,VNINDEX,1688.7060000000001,1680.9156,1484.5652500000003,57.713778062511544,22.283415077345126,15.825078559007665,6.458336518337461,1767.8432806949104,1609.5687193050899,-1.6134663484377643,0.6730028469066761
2025-12-11,1710.28,1718.84,1690.4,1698.9,497312893,VNINDEX,1692.0790000000002,1681.8394,1486.54495,51.694191557635534,19.299939887404662,16.520050824687065,2.779889062717597,1766.5523777653798,1617.6056222346206,-1.168134591443759,0.7435410372988035
2025-12-12,1702.72,1702.73,1635.95,1646.89,830667261,VNINDEX,1692.6505000000002,1681.8608,1488.2404000000001,40.044013092693866,12.59357112164048,15.734754884077748,-3.1411837624372687,1765.451094698234,1619.8499053017663,-3.0613926658425994,1.0419507877720837
2025-12-15,1645.87,1665.65,1635.91,1646.01,599602932,VNINDEX,1692.23,1680.8709999999999,1489.94365,39.880245053047155,7.125577688387693,14.012919444939737,-6.887341756552043,1766.050379442591,1618.409620557409,-0.0534340484185436,1.008124955447213
2025-12-16,1647.42,1689.07,1629.37,1679.18,751636809,VNINDEX,1693.193,1680.7486000000001,1491.7927,48.439841371639154,5.406373970729192,12.291610350097628,-6.885236379368436,1765.7300308622516,1620.6559691377483,2.015176092490334,1.1047306830120855
2025-12-17,1680.18,1683.95,1649.51,1673.66,495753236,VNINDEX,1694.426,1680.2652000000003,1493.6014499999999,47.234598424851505,3.5574665113590527,10.544781582349913,-6.98731507099086,1764.599934402092,1624.2520655979079,-0.32873188103716977,1.09583441930741
2025-12-18,1675.54,1676.98,1665.21,1676.98,490167302,VNINDEX,1695.4755,1679.4754,1495.4628,48.07147528600219,2.333194666993677,8.902464199278667,-6.56926953228499,1763.8334093255771,1627.117590674423,0.19836764934335616,1.0932667280918558
2025-12-19,1678.72,1705.76,1677.67,1704.31,660580746,VNINDEX,1697.9445,1678.6106,1497.39325,54.472795183926536,3.5275891516992033,7.827489189762774,-4.299900038063571,1763.652000965668,1632.236999034332,1.6297153215899973,1.1467362035395274
2025-12-22,1717.42,1751.03,1712.48,1751.03,755374637,VNINDEX,1702.0969999999998,1678.3288,1499.51815,62.893705142409246,8.150119427161144,7.892015237242449,0.2581041899186953,1770.281491862311,1633.9125081376885,2.74128532954685,1.279147218462287
2025-12-23,1765.0,1778.18,1763.52,1772.15,732383695,VNINDEX,1707.6865000000003,1678.5506,1501.7275,65.95896019490417,13.363667427285009,8.986345675250961,4.377321752034048,1779.6864106066362,1635.6865893933643,1.20614723905359,1.2847484732595538
2025-12-24,1782.71,1784.98,1753.65,1782.82,685897134,VNINDEX,1712.8095,1679.0479999999998,1503.9789,67.42310458619654,18.147231616244653,10.8185228634497,7.328708752794952,1790.942101854966,1634.676898145034,0.6020935022430285,1.2702481496534606
2025-12-25,1779.19,1805.93,1742.85,1742.85,633306718,VNINDEX,1715.736,1678.5680000000002,1506.0211,57.454007417298094,18.49974223020172,12.354766736800105,6.144975493401613,1793.7600630628597,1637.7119369371405,-2.2419537586520266,1.3922281557617882
2025-12-26,1706.39,1730.99,1687.14,1729.8,920350846,VNINDEX,1717.6765,1678.5402000000001,1508.03875,54.614667279649645,17.524076845351146,13.388628758510315,4.135448086840832,1795.0368383421762,1640.3161616578238,-0.7487735605473778,1.406349239936692
2025-12-29,1733.39,1754.84,1731.63,1754.84,513330603,VNINDEX,1720.3350000000003,1680.9084,1510.1822,58.81992595184801,18.55745494160351,14.422393995128953,4.135060946474557,1799.0222817918143,1641.6477182081862,1.4475661926234284,1.4334566439094734
2025-12-30,1758.45,1766.9,1740.07,1766.9,554603881,VNINDEX,1722.827,1682.9778,1512.3354000000002,60.70824878135878,20.11765196924739,15.561445589952642,4.556206379294748,1804.1889487164742,1641.4650512835258,0.6872421417337238,1.4283644355545342
2025-12-31,1760.81,1787.75,1760.14,1784.49,592835116,VNINDEX,1725.4630000000002,1685.0976,1514.603,63.34815317281091,22.513958449945903,16.951948161951293,5.56201028799461,1811.3359419058982,1639.5900580941022,0.9955288924104355,1.4322967834107905
2026-01-05,1787.13,1797.4,1775.19,1788.4,810900473,VNINDEX,1728.021,1687.1244,1516.92185,63.928314597383164,24.446746052203025,18.45090774000164,5.995838312201386,1818.305662309917,1637.736337690083,0.2191102219681884,1.431905381149034
2026-01-06,1795.57,1817.06,1790.44,1816.27,838989917,VNINDEX,1731.7685000000001,1689.7862,1519.38355,67.83638786238532,27.905690799815375,20.34186435196439,7.563826447850985,1830.2291987103024,1633.3078012896979,1.5583762021919023,1.465968927961606
2026-01-07,1832.23,1861.58,1819.17,1861.58,929077252,VNINDEX,1737.1605000000004,1693.967,1522.0820500000002,72.9646482016956,33.91214961005517,23.055921403582545,10.856228206472622,1851.2571571722822,1623.0638428277186,2.4946731488159735,1.5491974402760693
2026-01-08,1880.81,1888.33,1850.11,1855.56,1172488005,VNINDEX,1742.58,1697.4682,1524.7082500000001,71.33719543909513,37.75137346867541,25.99501181660112,11.75636165207429,1868.3756203739124,1616.7843796260875,-0.3233812138076275,1.548047022224239
2026-01-09,1861.02,1880.16,1853.16,1867.9,1218660759,VNINDEX,1750.0260000000003,1701.1096,1527.38815,72.68226262062872,41.31348477137021,29.058706407554943,12.25477836381527,1887.0667853850146,1612.985214614986,0.6650283472374952,1.4812250402528946
2026-01-12,1880.38,1887.92,1868.89,1877.33,1322446972,VNINDEX,1758.9475000000002,1705.2648,1530.14435,73.69803118633706,44.38575448406414,32.12411602285678,12.261638461207355,1904.915353256135,1612.9796467438655,0.5048450131163174,1.4328680463619234
2026-01-13,1873.93,1910.69,1871.79,1902.93,1289021469,VNINDEX,1771.7495000000004,1710.5304,1533.0399499999999,76.27692778901337,48.32914808251007,35.365122434787445,12.964025647722629,1921.2065315262062,1622.2924684737945,1.3636387848700027,1.1698088198458545
2026-01-14,1910.32,1918.46,1870.87,1894.44,1335130373,VNINDEX,1784.1709999999998,1716.0792000000001,1535.9248499999999,73.69619439376683,50.190676992033104,38.33023334623658,11.860443645796522,1930.8961881508014,1637.4458118491982,-0.44615408869480566,1.1868520063806347
2026-01-15,1883.7,1884.19,1845.95,1864.8,1198731055,VNINDEX,1793.452,1720.3355999999999,1538.71455,65.37956806854844,48.71272184146551,40.40673104528237,8.305990796183139,1935.6264816247149,1651.2775183752851,-1.5645784506239324,1.2483140979064844
2026-01-16,1875.14,1901.22,1873.31,1879.13,980958156,VNINDEX,1803.7255,1724.8204,1541.52355,67.30085069465099,48.14278294183009,41.95394142459192,6.188841517238174,1938.979040235769,1668.471959764231,0.7684470184470271,1.2324586488092133
2026-01-19,1894.67,1898.24,1874.69,1896.59,832522475,VNINDEX,1814.7060000000001,1729.8994,1544.4173500000002,69.52033317542029,48.54043442568491,43.271240024810524,5.269194400874383,1942.061438525797,1687.3505614742032,0.9291533848110545,1.2311356512591796
2026-01-20,1904.58,1915.11,1884.6,1893.78,987970727,VNINDEX,1824.1795000000002,1735.793,1547.73705,68.7119922417611,48.07465784550595,44.23192358894961,3.8427342565563407,1944.9774289600828,1703.3815710399176,-0.1481606462124141,1.2188509574172874
2026-01-21,1876.96,1894.22,1859.25,1885.44,1125596634,VNINDEX,1830.9,1741.891,1551.1109,66.2498560069516,46.496574680459844,44.684853807251656,1.8117208732081878,1949.4982696243378,1712.3017303756624,-0.44038906314355364,1.11937755159222
2026-01-22,1895.08,1904.56,1874.81,1882.73,945697108,VNINDEX,1836.429,1747.6734000000004,1554.8606,65.42942779723506,44.51412690521897,44.65070842684512,-0.13658152162614812,1953.7990849360135,1719.0589150639867,-0.14373302783435848,1.1073469243719112
2026-01-23,1890.39,1898.83,1866.72,1870.79,841053745,VNINDEX,1840.8275,1752.4520000000002,1558.74305,61.79821818981051,41.501164951338524,44.02079973174381,-2.5196347804052834,1956.3169092888475,1725.3380907111527,-0.6341854647241019,1.1244935017206126
2026-01-26,1876.81,1879.45,1833.21,1843.72,998240671,VNINDEX,1845.8709999999999,1756.6976000000002,1562.11995,54.423681730621546,36.50820427577605,42.51828064055026,-6.010076364774207,1951.7553515896989,1739.9866484103009,-1.4469822909038421,1.0429747544749033
2026-01-27,1843.94,1845.7,1821.79,1830.5,752074184,VNINDEX,1850.9060000000002,1760.5983999999999,1565.16015,51.20973144443369,31.125705692064003,40.23976565085301,-9.114059958789007,1942.110076178485,1759.7019238215153,-0.7170286160588346,1.0413385944745988
2026-01-28,1837.67,1842.61,1793.13,1802.91,863394661,VNINDEX,1853.3094999999998,1763.5682000000002,1567.9675,45.209282073605664,24.353027819445742,37.06241808457156,-12.709390265125819,1935.9893200988051,1770.6296799011945,-1.50723845943731,1.0772221424284196
2026-01-29,1804.15,1814.98,1797.32,1814.98,657114403,VNINDEX,1855.7135000000003,1766.6694,1570.90345,48.07571669828682,19.73212033725804,33.596358535108855,-13.864238197850817,1930.205095647409,1781.2219043525915,0.6694732404834314,1.0767548896543708
2026-01-30,1822.1,1831.97,1803.72,1829.04,827036508,VNINDEX,1857.941,1770.2702,1573.9971500000001,51.27359653722693,17.00847920064689,30.278782668216465,-13.270303467569576,1925.8375051111434,1790.0444948888567,0.7746641836273715,1.0686186871424184
2026-02-02,1824.1,1827.91,1777.85,1806.5,888369649,VNINDEX,1858.8460000000002,1773.2803999999999,1576.9434000000003,46.34577415712361,12.88268082637137,26.799562299847448,-13.916881473476078,1923.2314159360246,1794.4605840639758,-1.2323404627564205,1.1106215145170164
2026-02-03,1807.09,1827.22,1805.22,1813.4,916896859,VNINDEX,1858.7025,1776.4498,1579.9147999999998,47.99355075102052,10.053833885541508,23.45041661698626,-13.396582731444752,1923.4989420318873,1793.906057968113,0.38195405480210276,1.0567208896546079
2026-02-04,1813.87,1813.87,1780.71,1791.43,969815852,VNINDEX,1855.1949999999997,1778.9188000000001,1582.8366,43.420987303496275,5.9703346141157,19.95440021641215,-13.98406560229645,1926.5938174750386,1783.7961825249608,-1.211536340575714,0.9106032414350709
2026-02-05,1789.14,1800.1,1782.18,1782.56,703264966,VNINDEX,1851.545,1781.3627999999999,1585.76375,41.693849083728836,1.9953954742341011,16.36259926797654,-14.36720379374244,1929.982058776229,1773.1079412237711,-0.49513517134357476,0.9127552754673592
2026-02-06,1768.77,1782.34,1750.89,1755.49,997365978,VNINDEX,1845.9244999999999,1782.8654000000001,1588.4862000000003,36.87337639646709,-3.301042831647237,12.429870848051786,-15.730913679699023,1934.837283397951,1757.0117166020486,-1.518602459384255,0.9346143860140826
2026-02-09,1769.76,1771.73,1749.87,1754.82,517575829,VNINDEX,1839.7989999999998,1784.2754,1591.1435499999998,36.760093206321315,-7.466502554697854,8.450596167501859,-15.917098722199713,1936.1692661940285,1743.428733805971,-0.03816598214744227,0.9175605868611239
2026-02-10,1755.83,1776.24,1741.37,1754.03,719682136,VNINDEX,1832.354,1785.5362000000002,1593.76755,36.617244865576325,-10.70797096957017,4.618882740087454,-15.326853709657623,1931.164367749185,1733.543632250815,-0.045018862333456866,0.8304089682254433
2026-02-11,1768.18,1799.92,1763.96,1796.85,808848823,VNINDEX,1827.4744999999998,1787.4397999999999,1596.6178,48.33620673523256,-9.709714360486487,1.7531633199726655,-11.462877680459153,1922.9580272593507,1731.9909727406489,2.4412353266477727,1.0456568859532505
2026-02-12,1809.01,1816.11,1804.6,1814.09,451674492,VNINDEX,1824.9389999999999,1789.3803999999998,1599.5567500000002,52.17053125570166,-7.441681810799992,-0.08580570618186578,-7.355876104618126,1918.930736008477,1730.9472639915227,0.9594568272254245,1.032005457036013
2026-02-13,1818.07,1824.09,1792.91,1824.09,576394307,VNINDEX,1822.187,1791.2268000000001,1602.4769499999998,54.28969314782415,-4.782206943543542,-1.0250859536542012,-3.757120989889341,1912.6550307825742,1731.7189692174256,0.5512405668957943,1.0231277364561957
2026-02-23,1833.9,1863.13,1833.9,1860.14,732214189,VNINDEX,1820.3644999999997,1793.6848,1605.5679,60.9984282029959,0.23170877232473686,-0.7737270084584136,1.0054357807831504,1905.8530655573024,1734.875934442697,1.97632792241611,1.1044744783274238
2026-02-24,1862.18,1867.65,1849.6,1867.62,967871763,VNINDEX,1819.0565,1796.2107999999998,1608.6541499999998,62.23686972133505,4.754044916981002,0.3318273766294695,4.422217540351532,1900.5212871685287,1737.591712831471,0.40212027051726995,1.1098222374602815
