Meta,Meta,Meta,Chỉ tiêu cơ cấu nguồn vốn,Chỉ tiêu cơ cấu nguồn vốn,Chỉ tiêu cơ cấu nguồn vốn,Chỉ tiêu cơ cấu nguồn vốn,Chỉ tiêu hiệu quả hoạt động,Chỉ tiêu hiệu quả hoạt động,Chỉ tiêu hiệu quả hoạt động,Chỉ tiêu hiệu quả hoạt động,Chỉ tiêu hiệu quả hoạt động,Chỉ tiêu khả năng sinh lợi,Chỉ tiêu khả năng sinh lợi,Chỉ tiêu khả năng sinh lợi,Chỉ tiêu khả năng sinh lợi,Chỉ tiêu khả năng sinh lợi,Chỉ tiêu khả năng sinh lợi,Chỉ tiêu khả năng sinh lợi,Chỉ tiêu khả năng sinh lợi,Chỉ tiêu khả năng sinh lợi,Chỉ tiêu thanh khoản,Chỉ tiêu thanh khoản,Chỉ tiêu thanh khoản,Chỉ tiêu thanh khoản,Chỉ tiêu thanh khoản,Chỉ tiêu định giá,Chỉ tiêu định giá,Chỉ tiêu định giá,Chỉ tiêu định giá,Chỉ tiêu định giá,Chỉ tiêu định giá,Chỉ tiêu định giá,Chỉ tiêu định giá,Chỉ tiêu định giá,period,symbol
ticker,yearReport,lengthReport,(ST+LT borrowings)/Equity,Debt/Equity,Fixed Asset-To-Equity,Owners' Equity/Charter Capital,Asset Turnover,Fixed Asset Turnover,Days Sales Outstanding,Days Payable Outstanding,Cash Cycle,EBIT Margin (%),Gross Profit Margin (%),Net Profit Margin (%),ROE (%),ROIC (%),ROA (%),EBITDA (Bn. VND),EBIT (Bn. VND),Dividend yield (%),Current Ratio,Cash Ratio,Quick Ratio,Interest Coverage,Financial Leverage,P/B,Market Capital (Bn. VND),Outstanding Share (Mil. Shares),P/E,P/S,P/Cash Flow,EPS (VND),BVPS (VND),EV/EBITDA,,
IVS,2025,5,0.3037522916,0.3109863343,0.006873920491064973,1.1196803271533418,0.0874052793,14.1980862664,0.0,-7.0418329704,0.0,-0.5074692829317613,0.0,0.12206834872291493,0.0134167892,-0.0354523229,0.0106694181,-51637710536.0,-54300761326.0,0.0,4.1465345413,0.1181833713,0.20925218,5.751902873812091,1.3109863342749408,0.7412830072,870863688800,104923336,66.6731469175,8.1386809484,-1.4343210402,124.48789930773836,11196.8032715334,-23.5944109927,year,IVS
IVS,2024,5,0.1661241361,0.1761325563,0.00906088912488086,0.7360229640744552,0.0893079628,9.0336193332,0.0,10.139558934,0.0,0.3177830503973488,0.7123949368352452,0.22900426253246345,0.0224150864,0.0263780384,0.0204519042,26309670286.0,23754764803.0,0.0050515464,6.5045223969,0.2630420936,0.3706964723,-10.696579343654843,1.1761325562877647,0.8710733855,672695000000,69350000,39.2965685207,8.9990816941,-4.1186601159,246.840891333814,11135.6863393367,30.3703108837,year,IVS
IVS,2023,5,0.0,0.0140310713,0.012649638776924618,0.7197077986721657,0.1021273932,8.0935457171,0.0,14.4137471374,0.0,0.4287208720684191,0.7992834162602432,0.33548113790762,0.0364247179,0.0457155924,0.0342618141,36857949467.0,34521737934.0,0.0,67.0019773915,3.8514430724,5.5732933549,-24.74481678776922,1.0140310712954492,0.9551058512,721240000000,69350000,26.6989187295,8.9569836363,16.9692093774,389.5288833741889,10888.8454480029,19.378682037,year,IVS
IVS,2022,5,0.1001198136,0.1140478698,0.014208667570928552,0.6939615451771377,0.0875860744,6.7350151589,0.0,17.7191218745,0.0,0.11894498332481258,0.5495194383903731,0.23816349300016842,0.0239677294,0.0107518762,0.0208598054,10868855818.0,8612549658.0,0.0,9.492097738,1.2372373827,1.4045268194,-6.451704371319545,1.114047869815019,0.9905406639,721240000000,69350000,41.8233680998,9.9607994357,59.432449414,248.6648128190339,10499.3165646287,66.7254717902,year,IVS
IVS,2021,5,0.1617847785,0.1847818638,0.015693427805855663,0.6775258260831508,0.1104434331,7.0540609168,0.0,19.1153481066,0.0,0.3286016041400291,0.6527787121583828,0.4155438407277335,0.0504332043,0.0334832865,0.0458940884,29706082295.0,27653601894.0,0.0,5.6137530003,0.2587266259,0.3594516954,-17.710608854308312,1.184781863818038,0.5267957717,374490000000,69350000,10.7088133377,4.449981424,-2.7168315261,504.2575521413122,10250.6517518097,16.4729632703,year,IVS
IVS,2020,5,0.0,0.0085833138,0.018795251583689897,0.6441964805112563,0.0442534873,3.5777034847,0.0,8.3599929668,0.0,-0.017302448740786878,0.554269685289495,0.3135441953966668,0.0139884244,-0.0007665679,0.0138754241,908319888.0,-518132782.0,0.0,73.4137318313,7.9274699601,11.5834271886,0.0,1.0085833137696625,1.8673572633,1262170000000,69350000,134.4267159084,42.1487164793,-12.2555644414,135.38975401586157,9746.3941996683,1376.1777675235,year,IVS
IVS,2019,5,0.0,0.0076983389,0.006055600851526581,0.6352477758675154,0.0495882729,5.8458766832,0.0,1.6804645882,0.0,-1.7008576079048272,-0.5359244537652963,-2.301033665511975,-0.1152214277,-0.0644918413,-0.1141042854,-41919779392.0,-42985305723.0,0.0,86.9000803555,27.6953953979,28.6705121626,0.0,1.0076983388739875,1.1965450713,797525000000,69350000,-13.7141618355,31.5567480777,-2.1448342623,-838.5492411391492,9611.0044456525,-16.6241055373,year,IVS
IVS,2018,5,0.0,0.0138573601,0.013444707450345629,0.3268067536272388,0.0715945148,4.7084445486,0.0,23.0057408121,0.0,-0.28785352388596047,0.5236210173179937,0.02587724583248508,0.001878527,-0.020876766,0.0018526689,-5784663478.0,-7158570990.0,0.0,63.0040671126,30.6423446881,33.1847480009,0.0,1.0138573601228542,1.1402856111,391000000000,34000000,607.5806303084,15.7225133335,19.0539647823,18.927529,10085.1925935,-53.0298921036,year,IVS
IVS,2017,5,0.0,0.0140573405,0.017394569151791273,0.32619341439258087,0.072171319,4.3541554914,0.0,21.0176849173,0.0,-0.3391154978050494,0.4064371337470697,0.013482886517048508,0.000985531,-0.0247942659,0.0009730777,-3440132999.0,-8485912200.0,0.0,62.0797946841,20.4198126768,23.7203621211,0.0,1.014057340527618,1.1424296823,391000000000,34000000,1158.8920457352,15.6252099382,-7.7987333273,9.923271147058824,10066.2650645,-97.8621672638,year,IVS
IVS,2016,5,0.0,0.0115391099,0.016180560018138734,0.3263679712528393,0.0797263433,2.963796164,7.528592368112846,14.6136503612,22.142242729312844,-0.1183953800794504,0.5306906185198371,0.00423627942025361,0.0003816098,-0.0079518451,0.0003377431,1809890223.0,-2722999315.0,0.0,74.7532492353,35.3601499278,40.6440585003,0.0,1.0115391099395834,1.1418186575,391000000000,34000000,4013.0944706661,17.0005895176,-4.683051655,2.8656190588235293,10071.6518551176,162.4948903931,year,IVS
IVS,2015,5,0.0,0.370821275,0.059331454474790185,0.16030330992811742,0.1304019658,2.547502657,11.291422983318167,26.3617113544,37.65313433771817,0.18021465159255276,0.6161762287994612,0.18439108897168804,0.0315316349,0.0403721388,0.0228564223,11442203038.0,5275294934.0,0.0260869565,2.8833486007,1.4198240774,2.8391381094,0.0,1.0307652645852596,1.1008018133,185150000000,16100000,34.3092853442,6.013617275,19.8155696257,335.2514786335404,10446.930465528,10.5118986876,year,IVS
IVS,2014,5,0.0,0.3879878652,0.08151960123564582,0.1659263630990536,0.1528932957,2.2841615883,15.239451637136987,33.9276962463,49.16714788343699,0.32789796650600933,0.6658494099349395,0.2560696244683862,0.0541556453,0.067518229,0.0391513288,16588595724.0,11754618176.0,0.0608695652,2.7734800516,1.3417930913,2.7434260337,0.0,1.3879878651746098,1.0634969088,185150000000,16100000,20.1695332706,5.1648048103,50.7619178812,570.1668871428571,10813.3835693789,7.1304588579,year,IVS
IVS,2013,5,0.0,0.3782258193,0.10427431358545126,0.1571774162651481,0.1219124751,1.3581389216,27.971690761036964,36.0651926746,64.03688343563697,0.0,0.5929838888425402,0.043382073732328254,0.0070179265,0.0092977813,0.005288816,6539279286.0,0.0,0.0,2.7926081488,1.4832123466,2.7686870025,0.0,1.3782258192594399,1.1226942041,185150000000,16100000,160.5365489911,6.9644084051,-9.022194016,71.63477770186336,10243.216682236,19.3015723643,year,IVS
IVS,2025,4,0.3037522916,0.3109863343,0.006873920491064973,1.1196803271533418,0.0874052793,14.1980862664,0.0,-7.0418329704,0.0,-0.04034059233553281,0.7477247286028099,-0.1422440536112258,0.0134167892,-0.0354523229,0.0106694181,-51637710536.0,-1252158823.0,0.0,4.1465345413,0.1181833713,4.1465345413,0.440145369182195,1.3109863342749408,0.7412830072,870863688800,104923336,63.7004417991,8.1386809484,-1.370370054,-42.080333873486445,11196.8032715334,-20.2202488062,quarter,IVS
IVS,2025,3,0.1474871769,0.1520621512,0.007232518803555177,1.1238883605406904,0.0764297571,11.4038695181,0.0,14.0262645478,0.0,0.272094251353695,0.772481323599365,0.14037630627153255,0.0176484506,0.0232046658,0.0153699464,34061718908.0,8330731172.0,0.0,7.4380155838,0.1922992406,7.4380155838,-2.8403281487801735,1.1520621511796063,0.7652005575,902340689600,104923336,41.3520028629,9.5589180523,-1.5336490411,40.96240754297023,11238.8836054069,31.5780996996,quarter,IVS
IVS,2025,2,0.1964316888,0.2028074249,0.007144183237983156,1.1246821197907775,0.0744225321,10.229370266,0.0,14.9308451532,0.0,0.48880369047325695,0.7735992240777324,0.3365654879289335,0.0197244954,0.0208533788,0.0173452709,32083858825.0,13139747153.0,0.0,5.8272708024,0.1432486554,5.8272708024,-7.189798705980517,1.202807424911453,0.8624659208,1017756359200,104923336,41.5801999921,12.3529410043,-1.3845437426,86.2283393467398,11246.8211979078,38.9323328754,quarter,IVS
IVS,2025,1,0.0657553918,0.0710224916,0.007817350115387693,1.1160592858561036,0.0773397823,9.2379402441,0.0,14.1430005781,0.0,0.36916106052049885,0.7408586108047971,0.2237549226284604,0.0173562541,0.0182514271,0.0157741713,25333734687.0,6816530240.0,0.0,14.7687970688,1.5827353487,14.7687970688,-3.7146504513192813,1.0710224915553055,0.851209261,996771692000,104923336,46.2028674631,13.4626957341,-1.7876437217,39.377486291514785,11160.592858561,38.5243213737,quarter,IVS
IVS,2024,4,0.1661241361,0.1761325563,0.00906088912488086,0.7360229640744552,0.0893079628,9.0336193332,0.0,10.139558934,0.0,0.16882509778206717,0.6956758772322259,0.0817172433212094,0.0224150864,0.0263780384,0.0204519042,26309670286.0,3112179862.0,0.0,6.5045223969,0.2630420936,6.5045223969,-2.624754253979573,1.1761325562877647,0.8989905703,1049233360000,104923336,43.7571378693,14.0362820042,-4.5861708876,14.35718496407701,11123.5871992576,41.6888773767,quarter,IVS
IVS,2024,3,0.0895617146,0.0981281288,0.009905771762052262,0.7345872455780476,0.0939796061,8.7896462512,0.0,9.8936423592,0.0,0.3424921400232473,0.6999034434330423,0.24271866232482375,0.0237367519,0.0284755152,0.0225473487,26459750338.0,6373469028.0,0.0,10.8766621282,0.7307512782,10.8766621282,-9.162259970533391,1.0981281287530593,0.9093379043,1400870000000,138700000,39.3976022617,18.5486186698,-11.4326051059,32.565067253064164,11106.9822919322,54.7419094992,quarter,IVS
IVS,2024,2,0.0,0.0,0.010796213335908411,0.730282412163296,0.0,0.0,0.0,0.0,0.0,0.3494502954287718,0.6952610521735488,0.26691560753053606,0.0,0.0,0.0,0.0,6475723016.0,0.0,0.0,0.0,0.0,-24.739602033644065,1.0707804000496626,0.9050728424,693500000000,69350000,32.0375594136,8.7553317069,-7.9888588913,71.32312386445565,11048.8344493583,24.3990230613,quarter,IVS
IVS,2024,1,0.019046608,0.0270718898,0.01170381403471152,0.7255682476803825,0.1108128745,9.4362974066,0.0,13.2675793961,0.0,0.40639313309987823,0.7571422751683016,0.3206437444217148,0.0331658319,0.0489416868,0.0319795784,40380105728.0,7793392897.0,0.0,36.6957348237,3.2697589141,36.6957348237,-100.30000579659247,1.0270718897622113,1.0567058103,804460000000,69350000,32.1943667253,9.2909987195,20.9350162472,88.66587749098774,10977.5113254939,19.4501221264,quarter,IVS
IVS,2023,4,0.0,0.0140310713,0.012649638776924618,0.7197077986721657,0.1021273932,8.0935457171,0.0,14.4137471374,0.0,0.17028610956762577,0.7123192754357844,0.13055505163810233,0.0364247179,0.0457155924,0.0342618141,36857949467.0,3270681262.0,0.0,67.0019773915,3.8514430724,67.0019773915,-35.389638090050966,1.0140310712954492,1.2122497342,915420000000,69350000,33.8870891567,11.3684792307,21.5378426713,36.15815105984139,10888.8454480029,25.2163487985,quarter,IVS
IVS,2023,3,0.0189999423,0.0302474894,0.011996054743670383,0.717317893936388,0.0955061989,7.8988842894,0.0,12.0398448893,0.0,0.46275247321686475,0.7600730824299775,0.3608034699257419,0.0338355377,0.03866683,0.0316074908,31940947603.0,10316488562.0,0.0,31.7400442906,1.4989298049,31.7400442906,-37.316313798234965,1.0302474894455445,0.9306450765,700435000000,69350000,27.9361094515,9.2453718511,-25.7861677565,115.98648644556597,10852.687296943,22.3674613114,quarter,IVS
IVS,2023,2,0.0671510314,0.0776514867,0.012371904754313384,0.7096516650385573,0.0873442936,6.8268906263,0.0,9.5755463561,0.0,0.6402832682354418,0.8846992800766232,0.3198879522767419,0.0280926157,0.0244215067,0.0262586899,21695501894.0,16587928538.0,0.0,12.9596557187,1.6506323264,12.9596557187,-40.399376242439,1.0776514867159988,0.9220709581,686565000000,69350000,33.2347760587,9.9915133787,43.6542786148,119.50096741167988,10736.7008066042,31.1103738929,quarter,IVS
IVS,2023,1,0.057041749,0.0648287025,0.013281031854679121,0.7017531436934106,0.0795302382,5.7624965232,0.0,10.4894299325,0.0,0.33149295969928916,0.8247193190441706,0.6234754585036159,0.0259112426,0.0094543243,0.0245961002,9648160306.0,4346639302.0,0.0,15.2975123509,0.7149130271,15.2975123509,-7.060456230126728,1.0648287024881553,0.9418679267,693500000000,69350000,36.6237645863,11.3265319527,-45.1027101506,117.88327456380678,10617.1998391925,76.2012490162,quarter,IVS
IVS,2022,4,0.1001198136,0.1140478698,0.014161638234736014,0.6962661197095372,0.0875860744,6.7350151589,0.0,17.7191218745,0.0,-0.11048064075519883,0.46004424012094763,0.03921036822114287,0.0239677294,0.0107518762,0.0208598054,10868855818.0,-1596155054.0,0.0,9.492097738,1.2372373827,9.492097738,2.244995720449582,1.1103604774861768,0.5524169087,402230000000,69350000,23.324570671,5.5550612237,33.1450198655,8.168519466474406,10499.3165646287,33.8217191624,quarter,IVS
IVS,2022,3,0.0178087277,0.0263778435,0.014965746951727144,0.6957262142446557,0.1130678318,7.6712758854,0.0,15.9316054731,0.0,0.0043728582005718745,0.5498766343121531,0.2379955351067228,0.0352085792,0.025390507,0.0330672762,19368876068.0,66677159.0,0.0,36.7436702935,4.2304983056,36.7436702935,-0.44096132394768756,1.0263778435356665,0.5890168205,429970000000,69350000,16.9107398451,4.9456339357,0.0591206233,52.32798800288392,10526.0151897909,20.4112715526,quarter,IVS
IVS,2022,2,0.0,0.0119622688,0.015766087596089662,0.6922675499414163,0.1228361584,8.1208318915,0.0,18.3213889293,0.0,0.24653081292547957,0.5720807671310398,0.35640911083112164,0.0449620053,0.0396048334,0.0423508941,29777677957.0,4541165783.0,0.0,75.1229508386,5.3162728778,75.1229508386,-136.59521742286148,1.0119622688270105,0.5919596299,429970000000,69350000,13.3524940442,4.6036123878,0.0591123179,94.66697088680606,10473.687201788,14.0243004333,quarter,IVS
IVS,2022,1,0.0272998167,0.0407781151,0.016393526386254208,0.6860104533971356,0.1270370222,8.1950194393,0.0,18.3998461344,0.0,0.3540660984433021,0.6317624906186948,0.36647743457371906,0.0528929819,0.0459161573,0.0498080366,36013952482.0,8600861770.0,0.0,22.7076513049,1.1581723884,22.7076513049,-19.57015661562484,1.0407781151360889,0.72261156,520125000000,69350000,13.878534453,5.4414259745,-4.724199569,128.36847909156452,10379.0202309012,14.9835019403,quarter,IVS
IVS,2021,4,0.1614213662,0.1821212773,0.015658176129997467,0.6790511583190607,0.1104426358,7.0540124805,0.0,19.6208396625,0.0,0.19517017175213475,0.5927295791967394,0.21841036914239748,0.0526805063,0.0358361148,0.0479944347,31706619129.0,5655912676.0,0.0,5.6829720379,0.26191667,5.6829720379,-5.450986643381728,1.1821212773464227,0.9733563818,693500000000,69350000,18.9632732271,8.2407629254,-5.0064674073,91.2674756741168,10273.7293216294,21.6547395064,quarter,IVS
IVS,2021,3,0.0,0.0124996434,0.016422266878266138,0.6730187543951138,0.0931139283,5.3704191532,0.0,15.3147377195,0.0,0.4592536752624588,0.6973280994119261,0.4793175861994716,0.05149325,0.0347557547,0.0509554103,30925129663.0,9969038717.0,0.0,69.12169988,4.6148513241,69.12169988,-47.82234153546547,1.0124996434420692,1.2472425816,880745000000,69350000,24.6525532199,13.4907954993,-14.0387114118,150.02980346070657,10182.4618459553,28.2567474216,quarter,IVS
IVS,2021,2,0.0007114791,0.0109273701,0.017395759829090276,0.6631024028315302,0.0719191271,3.9755245755,0.0,13.2858472388,0.0,0.47195080588103716,0.6970450572256581,0.5745499950605066,0.0414872345,0.0194536729,0.0411139727,15541485304.0,9726203012.0,0.0,82.6097583021,4.4630441218,82.6097583021,-30.841552125189253,1.0109273701437727,1.1761853905,818330000000,69350000,28.659476943,16.3837493659,-13.9550936139,170.7371225955299,10032.4320424946,52.6800227456,quarter,IVS
IVS,2021,1,0.0,0.009790398180484772,0.017870613399327776,0.6518173828317849,0.05265418440103531,3.480963945388794,0.0,11.82439136505127,0.0,0.33459293624137865,0.700459371321675,0.6217638809705169,0.035682324320077896,0.006164109334349632,0.03538836911320686,5927499264.0,4302984324.0,0.0,87.3922348022461,17.14033317565918,87.3922348022461,0.0,1.009790398276961,0.8416403131,575605000000,69350000,23.5671464605,15.839252126,-31.6626826452,115.30072023071376,9861.6949198991,83.4533246467,quarter,IVS
IVS,2020,4,0.0,0.0085833138,0.01842721408227191,0.6570626936051671,0.0442534873,3.5777034847,0.0,8.3599929668,0.0,0.05387830634035422,0.6298285315763179,0.5425648205443109,0.0139884244,-0.0007665679,0.0138754241,908319888.0,544679706.0,0.0,73.4137318313,7.9274699601,73.4137318313,0.0,1.008946261153816,0.9644592459,651890000000,69350000,69.4291829417,21.7691173025,-6.3297970192,79.09197578947368,9746.3941996683,640.746768023,quarter,IVS
IVS,2020,3,0.0,0.0066199335,0.019338718138565362,0.6518350400343733,0.0347883929,3.8448694174,0.0,1.4437725765,0.0,-0.16159957117927284,0.5728963889158928,0.5073616547501092,-0.0589966777,-0.0896990936,-0.058585222,-64490116798.0,-1029360616.0,0.0,88.0297576145,22.9081673809,88.0297576145,0.0,1.0066199334618484,0.9835770951,672695000000,69350000,-16.7993822369,28.3712602732,-1.8951129604,46.601352314347515,9861.9620651911,-9.3472932365,quarter,IVS
IVS,2020,2,0.0,0.0078624795,0.0052989101102078,0.6487548827441019,0.0372377884,5.6461236703,0.0,1.3760782974,0.0,0.05676265606398013,0.5719131879155935,1.1014618094004605,-0.0750342074,-0.0923806128,-0.0744562925,-61881648777.0,397383589.0,0.0,69.2538281669,20.8977859266,69.2538281669,0.0,1.0078624795040352,0.6112867551,416100000000,69350000,-8.1189137352,18.7259971844,-1.0861244161,111.19114361932228,9815.3607128767,-5.4634375071,quarter,IVS
IVS,2020,1,0.0,0.0059478602,0.00564304337281759,0.6414056064973,0.0434440604,5.3372849774,0.0,1.2424036285,0.0,-0.1620207645285108,0.5048186758410387,1.265353569251245,-0.0989968764,-0.0939594717,-0.0981473574,-62200108807.0,-827291596.0,0.0,112.7800529239,37.4443398881,112.7800529239,0.0,1.0059478602188983,0.6801200198,457710000000,69350000,-6.7098787937,20.5387913866,-0.9497191292,93.16512360490266,9704.1695692574,-5.5909347393,quarter,IVS
IVS,2019,4,0.0,0.0076983389,0.006027531671785672,0.6382060156531812,0.0495882729,5.8458766832,0.0,1.6804645882,0.0,-11.442751479925807,-8.172419184719798,-10.954570326797358,-0.1152214277,-0.0644918413,-0.1141042854,-41919779392.0,-59888369550.0,0.0,86.9000803555,27.6953953979,86.9000803555,0.0,1.007662655204793,0.7491412621,499320000000,69350000,-8.5862578448,19.7572683617,-1.3428527555,-826.7246867916366,9611.0044456525,-10.9516509255,quarter,IVS
IVS,2019,3,0.0,0.011292163,0.01246093087529431,0.32898343911310635,0.07443608,5.6980737069,0.0,9.5354867501,0.0,-0.5255855118719408,0.31199744548994707,-0.2598725060258871,0.007985858,-0.0079718217,0.0078811702,-2606702203.0,-2564768197.0,0.0,77.2524575797,25.2660140316,77.2524575797,0.0,1.0112921629848546,1.9890034358,686565000000,69350000,162.846267815,26.4001579314,-31.2218263154,-18.28599529920692,4977.366967628,-247.9515266581,quarter,IVS
IVS,2019,2,0.0,0.013207415,0.013180428162692751,0.33019206802479095,0.0769474884,5.7037151539,0.0,15.9593516711,0.0,0.006679393234437855,0.5696232011659113,0.25399985720037865,0.011769075,-0.0035727313,0.0116110648,-1005641900.0,47193219.0,0.0,66.1399678572,16.4965285653,66.1399678572,0.0,1.0132074150052104,1.2071057031,418200000000,34000000,103.2639787801,15.5821166971,-18.8190518482,52.78337358823529,10189.6627346765,-400.4364983927,quarter,IVS
IVS,2019,1,0.0,0.0141645426,0.013864075070346807,0.328481643280004,0.0785185729,5.6082742373,0.0,19.6592348245,0.0,0.05978792569517747,0.6653202038558012,0.24978274907289363,0.0068700006,-0.0136040589,0.0067780712,-4358470399.0,420638805.0,0.0,61.6117004352,28.0991260908,61.6117004352,0.0,1.0141645426307537,1.0358217382,357000000000,34000000,151.4601181772,13.0747086935,12.400982857,51.68676758823529,10136.8793610882,-64.433010819,quarter,IVS
IVS,2018,4,0.0,0.0144785387,0.013444707450345629,0.3268067536272388,0.0715725706,4.7084445486,0.0,23.0057408121,0.0,-0.09320379652846203,0.5710913442268089,0.06684905429237953,0.001878527,-0.020876766,0.001852101,-6727615716.0,-654780414.0,0.0,60.3438412433,29.327683773,60.3438412433,0.0,1.0144785387294373,0.9816371783,336600000000,34000000,523.0476730481,13.5350332176,12.5686145598,13.812695176470589,10085.1925935,-38.7105003268,quarter,IVS
IVS,2018,3,0.0,0.0125837759,0.014213098097353678,0.32635915859842657,0.0720453932,4.6270916027,0.0,29.1155212889,0.0,-0.1839606539093314,0.6385335221959554,0.004936537495236413,0.0006131279,-0.0251248404,0.0006048769,-7517025285.0,-1050819135.0,0.0,69.2247451869,26.263588021,69.2247451869,0.0,1.0125837758769145,1.1815659939,404600000000,34000000,1926.810415899,16.1770655229,-103.5135907729,0.8293666176470588,10071.3798983235,-46.8970840653,quarter,IVS
IVS,2018,2,0.0,0.0,0.015242841834504353,0.32633228329491926,0.0,0.0,0.0,0.0,0.0,-0.45192313197019507,0.47135276905318374,0.013526358979353795,0.0,0.0,0.0,0.0,-3403731180.0,0.0,0.0,0.0,0.0,0.0,1.0130189918321613,1.3008226272,445400000000,34000000,2016.8784926435,18.7991020083,-8.1958071241,2.996350911764706,10070.5505317059,-49.2872645279,quarter,IVS
IVS,2018,1,0.0,0.0149253745,0.016306581991787503,0.3262351877060028,0.0638137543,3.397768443,0.0,33.6783753789,0.0,-0.4455172185534749,0.3939976360501631,0.00952889691220387,0.0004498463,-0.0282169031,0.0004332119,-6762252143.0,-2049240261.0,0.0,58.5559169878,17.1757294013,58.5559169878,0.0,1.0149253745139897,1.5296664635,523600000000,34000000,3396.9546522124,23.0608792914,-40.1386926875,1.289116294117647,10067.5541807941,-70.7393159999,quarter,IVS
IVS,2017,4,0.0,0.0140573405,0.01736683763626358,0.32671428283885295,0.072171319,4.3541554914,0.0,21.0176849173,0.0,-0.292951043538181,0.5995585611438061,0.0050340600154471764,0.000985531,-0.0247942659,0.0009730777,-3440132999.0,-2099631041.0,0.0,62.0797946841,20.4198126768,62.0797946841,0.0,1.0140349294317341,0.9636146016,329800000000,34000000,1264.6209796257,13.1795249044,-8.5102333876,1.0611759705882353,10066.2650645,-82.7168866139,quarter,IVS
IVS,2017,3,0.0,0.0638544317,0.020323180057539577,0.32667989584318974,0.0680845159,3.2065032387,0.0,33.1841893211,0.0,-0.6217885577507697,0.28356520072373564,0.008887017555174345,0.0009749078,-0.0207030632,0.00093896,-2191795222.0,-2732200833.0,0.0,14.4457011928,3.5789654636,14.4457011928,0.0,1.0638544316892518,0.922502107,316200000000,34000000,879.3907943082,13.050005189,-1.5956605499,1.1485423529411765,10081.2777870588,-128.9961119192,quarter,IVS
IVS,2017,2,0.0,0.0607495148,0.024008706717028185,0.3266426777737986,0.0738543881,3.2759300487,0.0,26.8032637351,0.0,-0.42442206678532385,0.17253935446947136,0.005375433723749747,0.0011469239,-0.0159154816,0.0010301495,-2650341722.0,-2777484700.0,0.0,15.0737216934,5.3223613023,15.0737216934,0.0,1.0607495148056492,0.9920507721,340000000000,34000000,790.5684087845,13.8743403729,6.2372966846,1.0346377352941176,10080.1292447059,-103.4037821207,quarter,IVS
IVS,2017,1,0.0,0.0167102375,0.027694760354987177,0.3266091507393551,0.0849303872,3.2796348997,0.0,23.8617462917,0.0,-0.12295410425940421,0.5056590695074105,0.0365777724974316,0.0026333636,-0.0080755399,0.0023435118,-85879821.0,-850625176.0,0.0,51.9381368837,15.7722995143,51.9381368837,0.0,1.0167102375125676,1.002074134,343400000000,34000000,340.6654386626,14.2058113965,21.26673558,7.442751852941177,10079.0946069706,-3607.1275774084,quarter,IVS
IVS,2016,4,0.0,0.0115391099,0.01616097902695755,0.3267634057346404,0.0797263433,2.963796164,7.528592368112846,14.6136503612,22.142242729312844,-0.11547121241168332,0.5406769172782707,0.001078678368560968,0.0003816098,0.0,0.0003377431,52868622.0,-735942543.0,0.0,74.7532492353,35.3601499278,74.7532492353,0.0,1.0118292772277195,0.9829569312,336600000000,34000000,3454.7508921386,14.6352901065,0.0,0.2022009705882353,10071.6518551176,4533.8407611608,quarter,IVS
IVS,2016,3,0.0,0.6379910689,0.04066190679392097,0.15615610171887787,0.1342025643,3.6333667982,11.428554568738319,14.894572786,26.323127354738318,-0.23353238060645812,0.4750546761164733,0.010002039733810076,0.0315359196,0.0,0.0231894087,9189491093.0,-1090571385.0,0.0,2.4158424786,1.0516962251,2.4158424786,0.0,1.637991068870697,1.2283010976,425000000000,34000000,45.027059234,14.0256721009,2.8060121231,1.373778294117647,10176.6578441615,36.7640456147,quarter,IVS
IVS,2016,2,0.0,0.0671550589,0.04755310540474899,0.15611158496618902,0.1409700182,3.1641865761,11.698683169057828,14.4869866397,26.18566980875783,-0.01453087239940575,0.5399185755027424,0.058016751229626476,0.0289060346,0.0,0.0225894713,8474961202.0,-90261322.0,0.0,14.3775704907,2.8974754305,14.3775704907,0.0,1.0671550588935699,1.1500176727,282555000000,24150000,40.3087932806,9.4397050526,-14.9855386037,14.922660952380953,10173.7566974534,32.2529652671,quarter,IVS
IVS,2016,1,0.0,0.3632288275,0.05305386083780149,0.16039706270490675,0.1298780342,2.8356212922,11.70469653378762,14.5220665017,26.226763035487622,-0.04791313376247574,0.5869785839116953,0.017124756379688598,0.0313212923,0.0,0.0228653113,9862960312.0,-275224065.0,0.0,2.9484766889,1.4986642803,2.9484766889,0.0,1.3632288275137199,1.8367861814,309120000000,16100000,58.4775519737,10.2951005908,22.8023956406,6.109847267080745,10453.040312795,23.3437073319,quarter,IVS
IVS,2015,4,0.0,0.0,0.05933430604252275,0.16029560585645122,0.0,0.0,0.0,0.0,0.0,0.5175353581065094,0.7676701624715638,0.406369514421566,0.0,0.0,0.0,0.0,6024535568.0,0.0172413793,0.0,0.0,0.0,0.0,1.3708726681464916,1.6655610045,280140000000,16100000,51.9114404339,9.0988643987,37.1035204838,293.8182654037267,10446.930465528,18.6469333007,quarter,IVS
IVS,2015,3,0.0,0.0,0.06816613724904566,0.1557871214378849,0.0,0.0,0.0,0.0,0.0,-0.07324701346447514,0.49319344228502726,-0.07210201570126609,0.0,0.0,0.0,0.0,-398967794.0,0.0,0.0,0.0,0.0,0.0,1.3125681336360955,1.6251976182,265650000000,16100000,40.3123300329,8.0495397063,-9.927436527,-24.393237701863352,10152.6114826708,16.5924693319,quarter,IVS
IVS,2015,2,0.0,0.4285618602,0.07025664526011392,0.16692775501247883,0.1316356575,2.3172038484,11.894049634515358,23.0371388915,34.93118852601536,0.13925929856937194,0.6159934933342093,0.11815669284008745,0.0339781932,0.0,0.0241335228,10782202335.0,1001831700.0,0.0,2.6270322321,1.3077132792,2.6270322321,0.0,1.4285618601553132,1.5626947546,273700000000,16100000,46.5496572734,8.5342166158,-5.8618665714,52.796242732919254,10878.6440539752,18.595236354,quarter,IVS
IVS,2015,1,0.0,0.0,0.07739742586682485,0.16611762111814668,0.0,0.0,0.0,0.0,0.0,0.023464107330785543,0.5372834353621015,0.030841083059435247,0.0,0.0,0.0,0.0,152674378.0,0.0,0.0,0.0,0.0,0.0,1.3199487639713656,1.533367205,267260000000,16100000,35.0995498157,7.8878559809,-3.7710048786,12.464241863354037,10825.8478112422,14.7196018443,quarter,IVS
IVS,2014,4,0.0,0.3879878651,0.08140809475943545,0.1661536361253325,0.1528932956,2.2841615883,15.239451637200615,33.9276962463,49.16714788350062,0.0,0.7706292971589722,0.42815874258724446,0.0541556452,5.5475841497,0.0391513288,16583568886.0,0.0,0.0,2.7734800515,1.3417930912,2.7734800515,0.0,1.3876301931392268,1.2377783461,215740000000,16100000,23.5018909413,6.0181203876,59.148669531,368.4368044099379,10825.8478112422,10.007369541,quarter,IVS
IVS,2014,3,0.0,0.3876301931,0.09129296729045287,0.16050014398798756,0.1216537101,1.8373068393,13.76809990019449,27.2216229015,40.98972280169449,0.0,0.5652441585725122,0.10815197386951625,0.033266549,27.1539528403,0.0222753504,6926330413.0,0.0,0.0,2.835407316,1.4001194084,2.835407316,0.0,1.4985272854993454,1.1728640014,204470000000,16100000,36.8053469549,6.7392272755,-4.780434587,43.54179099378882,10828.194901118,19.8694389545,quarter,IVS
IVS,2014,2,0.0,0.4602006241,0.09910782159572303,0.15983201536977437,0.1177860099,1.6529469443,15.2097005717856,34.829776595,50.0394771667856,0.0,0.5854360539265262,0.11091676834890678,0.0222613451,4.7894027682,0.0152714541,4883955557.0,0.0,0.0,2.4890895067,1.7254842813,2.4890895067,0.0,1.46020062413059,0.816035281,136850000000,16100000,37.1200821235,4.8127755863,60.0863196159,48.49770149068323,10416.2163057143,7.4636232933,quarter,IVS
IVS,2014,1,0.0,0.6356353432,0.10067197110043717,0.15908784060011208,0.1192100164,1.5682650314,14.352915647434303,43.6193753422,57.9722909896343,0.0,0.6383060816637677,0.2365823095264322,0.0142698355,4.4513272787,0.0100070813,3069737682.0,0.0,0.0,2.0726782924,1.2680849307,2.0726782924,0.0,1.635635343281076,0.7619805573,127190000000,16100000,54.1218656282,4.5432584324,3.1964453208,124.50192198757765,10367.7186042236,8.2513820798,quarter,IVS
IVS,2013,4,0.0,0.3782258192,0.10459717407708659,0.15722719536767302,0.1219124751,1.3581389216,27.971690761036964,36.0651926746,64.03688343563697,0.0,0.6277728399690269,0.24791368726398738,0.0070179264,5.1838241727,0.0052888159,6581957131.0,0.0,0.0,2.7926081488,1.4832123466,2.7926081488,0.0,1.3780951033665958,0.8981553632,148120000000,16100000,128.4292391928,5.571526724,-7.2177552127,128.5171449689441,10243.216682236,13.5504334917,quarter,IVS
IVS,2013,3,0.0,0.3534198322,0.11133073329008501,0.15520612621676458,0.1165055508,1.2553348358,15.059263399315158,72.7508743744,87.81013777371516,0.0,0.4564004918577755,-0.2551708046770531,-5.62158e-05,4.8128113879,-4.22243e-05,4248150575.0,0.0,0.0,2.8070620252,1.5236563018,2.8070620252,0.0,1.3534198322234272,0.6228528781,101430000000,16100000,-11015.2706424738,3.9921906228,-26.1913323509,-72.53020608695653,10114.7481554658,11.1572883439,quarter,IVS
IVS,2013,2,0.0,0.3327928094,0.11715544554529052,0.1563190686397924,0.1302295849,1.3112184213,8.305781797070951,67.3928039413,75.69858573837095,0.0,0.40599522083469164,-0.08420989371808735,0.0072029003,2.9793594306,0.0055233671,5767854337.0,0.0,0.0,2.9039776031,1.5502145159,2.9039776031,0.0,1.3327928094676533,0.3828304147,62790000000,16100000,53.2186362978,2.2571373875,-2.0602870565,-34.52197838509317,10187.2783615528,2.0517206301,quarter,IVS
IVS,2013,1,0.0,0.3639078038,0.1315955657296169,0.15684879241067973,0.1249777516,1.1992116293,0.0,112.5371535229,0.0,0.0,0.8080015775174045,0.11448018095725297,0.0147410122,3.4377224199,0.0112749109,9002272271.0,0.0,0.0,2.7025032797,1.7896383376,2.7025032797,0.0,1.3639078038930836,0.4402355603,72450000000,16100000,30.0589307141,2.7117767999,12.529825739,50.21843540372671,10221.8003399379,-0.1271396488,quarter,IVS
