Meta,Meta,Meta,Chỉ tiêu cơ cấu nguồn vốn,Chỉ tiêu cơ cấu nguồn vốn,Chỉ tiêu cơ cấu nguồn vốn,Chỉ tiêu cơ cấu nguồn vốn,Chỉ tiêu hiệu quả hoạt động,Chỉ tiêu hiệu quả hoạt động,Chỉ tiêu hiệu quả hoạt động,Chỉ tiêu hiệu quả hoạt động,Chỉ tiêu hiệu quả hoạt động,Chỉ tiêu hiệu quả hoạt động,Chỉ tiêu hiệu quả hoạt động,Chỉ tiêu khả năng sinh lợi,Chỉ tiêu khả năng sinh lợi,Chỉ tiêu khả năng sinh lợi,Chỉ tiêu khả năng sinh lợi,Chỉ tiêu khả năng sinh lợi,Chỉ tiêu khả năng sinh lợi,Chỉ tiêu khả năng sinh lợi,Chỉ tiêu khả năng sinh lợi,Chỉ tiêu khả năng sinh lợi,Chỉ tiêu thanh khoản,Chỉ tiêu thanh khoản,Chỉ tiêu thanh khoản,Chỉ tiêu thanh khoản,Chỉ tiêu thanh khoản,Chỉ tiêu định giá,Chỉ tiêu định giá,Chỉ tiêu định giá,Chỉ tiêu định giá,Chỉ tiêu định giá,Chỉ tiêu định giá,Chỉ tiêu định giá,Chỉ tiêu định giá,Chỉ tiêu định giá,period,symbol
ticker,yearReport,lengthReport,(ST+LT borrowings)/Equity,Debt/Equity,Fixed Asset-To-Equity,Owners' Equity/Charter Capital,Asset Turnover,Fixed Asset Turnover,Days Sales Outstanding,Days Inventory Outstanding,Days Payable Outstanding,Cash Cycle,Inventory Turnover,EBIT Margin (%),Gross Profit Margin (%),Net Profit Margin (%),ROE (%),ROIC (%),ROA (%),EBITDA (Bn. VND),EBIT (Bn. VND),Dividend yield (%),Current Ratio,Cash Ratio,Quick Ratio,Interest Coverage,Financial Leverage,Market Capital (Bn. VND),Outstanding Share (Mil. Shares),P/E,P/B,P/S,P/Cash Flow,EPS (VND),BVPS (VND),EV/EBITDA,,
VCS,2025,5,0.08289666849999999,0.1203465913,0.17791007705904066,3.207934159278125,0.6759054375,4.8480990974,119.24140086946046,207.9034361078,21.4032516501,348.54808862736047,1.7556227393,0.18569715616199506,0.2530515860365798,0.16819589601590393,0.1356065979,0.1402648636,0.1136845207,907117255619.0,766723699313,0.0844444444,9.1758343276,2.0774179514,4.696311019,-16.531841132300443,1.1203465912940918,7200000000000,160000000,10.3677249487,1.4027719325,1.7438087874,11.024970092,4340.39292348125,32079.3415927813,7.1059664112,year,VCS
VCS,2024,5,0.19422487759999998,0.2656458402,0.1546387932871164,3.19351383989375,0.6682640306,5.2142705649,107.68948840328883,262.150389568,17.4781807925,387.3180587637888,1.3923305649,0.21298187804972332,0.2725758233921869,0.18674429832224365,0.1598983591,0.1515694678,0.1247944975,1052604117317.0,920522882308,0.0934579439,4.1257922847,1.1933822587,2.1949286898,-26.61482230437792,1.265645840209933,6848000000000,160000000,8.9184744298,1.3402165184,1.5844254705,3.9893370735,5044.51368469375,31935.1383989375,5.9171922147,year,VCS
VCS,2023,5,0.229508082,0.297329396,0.17402154493967686,3.116136505169375,0.6668417708,4.7249577733,124.82693721114228,306.2060980011,11.5691803186,442.6022155308422,1.1920076131,0.23098662221503827,0.28041606950706605,0.1943976626201293,0.1717744412,0.1651313409,0.1296324816,1141490856283.0,1005683679147,0.062992126,3.8285334877,0.973858807,1.8185773078,-17.756515052256468,1.297329396034719,10160000000000,160000000,12.3384772821,2.0377797922,2.3335608704,7.6423043253,5289.87768551875,31161.3650516938,8.638992071,year,VCS
VCS,2022,5,0.3137421024,0.3535140564,0.20031492891279093,3.042961028910625,0.8396264449,5.6265754102,134.15317103013058,213.926642993,15.4966613738,363.57647539693056,1.7061923419,0.25114509042374517,0.307931093652059,0.20294141959891365,0.235802116,0.2255291344,0.1703949827,1551035489638.0,1421547876804,0.1090909091,3.4034861995,0.6766765713,1.7515871297,-28.19456924383137,1.3535140563653503,8800000000000,160000000,7.9478978761,1.807450029,1.5546974054,7.3837488507,7179.38940344375,30429.6102891063,5.8881654706,year,VCS
VCS,2021,5,0.3635276643,0.4141639217,0.21269031303912628,3.0463731354425,1.0920595631,6.8813916666,111.7057567702654,159.1058588248,22.3185881089,293.1302037039654,2.2940701411,0.3031076953490058,0.3482969676953958,0.2506403870875906,0.4058763613,0.3297038054,0.2737142316,2271057769392.0,2143010500644,0.0711743772,3.1131384708,0.5583266817,1.8659673468,-37.67841088090273,1.4141639217157511,8992000000000,160000000,5.432770806,1.8448166886,1.2718296974,8.2148031003,11075.37415034375,30463.731354425,4.2148582299,year,VCS
VCS,2020,5,0.5008578112,0.5696255044,0.2639209787152638,2.411138169243125,0.972514861,5.4513762241,122.92654049749446,194.4750534872,32.6228828258,350.02447681049443,1.8768474077,0.30599937539645566,0.3469909404938935,0.252389064092826,0.3909993519,0.3097788355,0.2454521156,1850899766474.0,1731832387709,0.0170940171,2.4528063043,0.3955862155,1.3732073341,-22.49563643436785,1.5696255043509744,18720000000000,160000000,13.8952866236,4.8524801064,3.3076574547,14.8518008647,8927.62352319375,24111.3816924313,10.6231434034,year,VCS
VCS,2019,5,0.5575875305,0.6190968788,0.3068505460168566,2.155428746570625,1.1138798944,6.9236222646,102.02211618887593,195.4702143135,34.1893129931,331.6816434954759,1.8672921666,0.3048224058227248,0.34373411375276414,0.2534917655834213,0.4564040071,0.3312514828,0.2823593811,1799516626469.0,1695654799099,0.0464756003,2.3676525189,0.2496700863,1.2673527681,-28.262912382372384,1.619096878843996,20656000000000,160000000,15.5757688383,5.9895276151,3.7132626393,23.3301955961,8813.216331725,21554.2874657063,12.1456668629,year,VCS
VCS,2018,5,0.4213658372,0.6129802472,0.2009346663183735,1.706595335168125,1.1009376703,8.7591723805,85.79431056935267,212.0941919875,46.1896267909,344.0781293477527,1.7209334993,0.2984832118942313,0.3307775894345669,0.24848390414745827,0.4383327212,0.3477404938,0.2735652905,1422931914318.0,1349620530640,0.0154918668,2.2674765007,0.2553725993,1.0023258407,-41.90766006559936,1.6129802471843406,20656000000000,160000000,19.5581756649,7.5647693006,4.5682983364,64.3425159796,7022.14909430625,17065.9533516813,15.0247595049,year,VCS
VCS,2017,5,0.398609459,0.5901205355,0.20191355358627364,1.49743153963875,1.2178835119,8.4339818574,66.76987160718033,177.6829162294,57.5009293287,301.95371716528035,2.0542211246,0.25717645791602284,0.2911447629744578,0.25773041863664153,0.5837992165,0.3340480757,0.3138856274,1188882123102.0,1119366729200,0.0309837335,2.3286441247,0.4643211631,1.1373646097,-27.573271046386097,1.5901205355012797,10328000000000,80000000,9.7944829077,4.3107145997,2.3728760093,14.6015343413,14022.2232072875,29948.630792775,8.9384349651,year,VCS
VCS,2016,5,0.9919226874,1.306577446,0.3789395776772383,0.90445986586,1.0496074759,5.606441691,66.14487533685829,216.5774089833,55.4036708822,338.1259552023583,1.6853096623,0.26629324705090907,0.30871465515352264,0.2104885159470702,0.5527858905,0.3159751835,0.2209303199,922633740961.0,855198041489,0.0309837335,1.5920550332,0.2531645222,0.661173032,-17.02124728743569,2.306577446034013,7746000000000,60000000,11.8151551895,5.3526421489,2.4119647048,9.8654068022,11266.3619642,24118.9297562667,9.2901740921,year,VCS
VCS,2015,5,1.8295931997,1.7854040056,0.5981083206872092,0.624119574875625,0.963699272,3.9304881321,61.77204991786343,206.9705699241,28.6616940568,297.40431389876346,1.7635357536,0.2393329051338572,0.28997573784910585,0.154666615583429,0.4535845176,0.2503156203,0.1490521048,694780395637.0,626134358278,0.0309837335,1.3792841837,0.202610103,0.5431276825,-7.723710960392195,2.7854040055828797,6842203304100,52999251,18.4564184395,6.8534270484,2.6153562293,29.6273894205,7634.6999495898535,18837.2910500188,11.5858139504,year,VCS
VCS,2014,5,2.4422630192,2.3704462685,0.9342935581507834,0.4909796052175,0.7621781471,2.166886532,63.24757390800725,230.2261185321,37.933736699,331.40742913910725,1.585397879,0.2683137236119862,0.3437493010879766,0.10277226764264749,0.2295542126,0.2354708226,0.0783307765,666387038965.0,553668958968,0.0154918668,1.2449543145,0.2596035353,0.5516362851,-6.195783693790655,3.3707377817085997,6842203304100,52999251,32.2635941299,8.7098873754,3.315802731,748.1348419087,4001.4140854933967,14822.2352868345,12.5015248401,year,VCS
VCS,2013,5,1.7252181955,1.6046275707,1.1021732730718836,0.663823584218125,0.4841799159,1.0731762606,65.0080925200191,308.0103536646,45.8166411747,418.8350873593191,1.1850250995,0.1850765886326827,0.30183447061874324,0.054640359624243996,0.0694676344,0.1000591916,0.0264557647,375977812315.0,242595193389,0.0038729667,1.0312854629,0.0981206748,0.3871012842,-2.556748874764469,2.6050201452185147,6842203304100,52999251,95.5326267875,6.4420384673,5.2199370835,34.1209293727,1351.3707760511559,20040.2404696059,21.5323205315,year,VCS
VCS,2025,4,0.08289666849999999,0.1203465913,0.17791007705904066,3.207934159278125,0.6759054375,4.8480990974,119.24140086946046,207.9034361078,21.4032516501,348.54808862736047,1.7556227393,0.19316683984741492,0.25777254721455645,0.1734780359237326,0.1356065979,0.1402648636,0.1136845207,907117255619.0,206197198519,0.0844444444,9.1758343276,2.0774179514,6.1423853289,-14.603199264911137,1.1203465912940918,7200000000000,160000000,10.3677249487,1.4027719325,1.7438087874,11.024970092,1157.376605125,32079.3415927813,7.3583828764,quarter,VCS
VCS,2025,3,0.3015895005,0.3231069435,0.17923020053181557,3.286685828686875,0.6287267119,5.0387789954,117.27916119398603,196.4565868632,16.8616248761,330.597372933286,1.8579168346,0.1652843547022616,0.24450858371766138,0.1455296660165415,0.1346339276,0.1151921932,0.1054688591,911290580163.0,152879057320,0.0844444444,3.7616144955,1.2601547617,2.7497331546,-11.436273941643393,1.3231069435403429,7200000000000,160000000,10.3082088367,1.3691603745,1.7292012646,9.0914055745,841.294015425,32866.8582868688,7.3246846021,quarter,VCS
VCS,2025,2,0.2301245683,0.2861268623,0.15842028202641106,3.204872091455,0.649270125,5.3671680686,113.05665340759825,205.2371372102,16.4549430969,334.74873371469823,1.7784305753,0.1961373744586427,0.2661207650154923,0.18784863062327206,0.1400016415,0.1308354998,0.1119241045,952975066304.0,219368102051,0.0419287212,3.9136860288,1.2889000638,2.8934772398,-21.443570564446667,1.286126862282376,7632000000000,160000000,10.5150718055,1.488358931,1.812635373,7.5409171505,1313.11018891875,32048.72091455,7.2753149553,quarter,VCS
VCS,2025,1,0.1968443835,0.2311354798,0.14467739167696136,3.284773103931875,0.6698612889,5.4468488731,103.88353972218368,221.3982015018,14.802825618,340.08456684198364,1.6486132115,0.18494120267401082,0.2415052795415453,0.16166001857687812,0.1482595424,0.1391157314,0.1204232886,1002879207523.0,188279341423,0.0403225806,4.6220186966,1.4973002209,3.2676455237,-21.73956643463201,1.2311354797580856,7936000000000,160000000,10.3474060525,1.5099977512,1.8601890964,4.7437060687,1028.6121140125,32847.7310393188,7.1483096237,quarter,VCS
VCS,2024,4,0.19422487759999998,0.2656458402,0.1546387932871164,3.19351383989375,0.6682640306,5.2142705649,107.68948840328883,262.150389568,17.4781807925,387.3180587637888,1.3923305649,0.1958373742656981,0.2600901661849686,0.17162637149522963,0.1598983591,0.1515694678,0.1247944975,1052604117317.0,215878499631,0.0909090909,4.1257922847,1.1933822587,2.756582411,-24.500001198054754,1.265645840209933,7040000000000,160000000,8.7223472371,1.3777926825,1.6288486145,4.1011876457,1182.43656613125,31935.1383989375,6.1070866718,quarter,VCS
VCS,2024,3,0.1679573461,0.2217465948,0.14779174222860383,3.27767650102,0.6879053766,5.3212113819,98.88931737907059,265.0829904182,12.2473570207,376.21966481797057,1.3769272763,0.20333321610545044,0.27209531718884433,0.1666806510006848,0.1670843302,0.1616236454,0.13445299,1119080653193.0,197562164541,0.0672268908,4.8323259934,1.2917403672,3.1122649534,-25.936246481118193,1.2217465947722628,9520000000000,160000000,11.1369220823,1.8153103267,2.1767419245,4.7004704387,1012.1867577,32776.7650102,7.9604133537,quarter,VCS
VCS,2024,2,0.15273581,0.2062026732,0.15885505435360772,3.17668644482,0.6960216745,5.194665168,104.78677285617518,283.5559897805,10.6873754279,399.03013806457517,1.2872237341,0.22937705522029436,0.2873620968126325,0.21395966146756004,0.1748425194,0.1763196937,0.1394763412,1162453565773.0,269341396323,0.0316455696,5.1221505989,1.5419461959,3.0771919963,-34.83779035684842,1.206202673156885,10112000000000,160000000,11.3898853512,1.9894944338,2.2824282548,4.9873606735,1570.2364476125,31766.8644482,7.9930964128,quarter,VCS
VCS,2024,1,0.1999371054,0.2471564597,0.16257333767873886,3.21966280005875,0.6762265639,4.9724938945,113.87129538430177,303.5316772414,11.8231044578,429.2260770835018,1.2025104046,0.22138321839803604,0.2696591024236252,0.1906573045995488,0.1711136431,0.1653606802,0.1325097447,1186621281124.0,237740821813,0.0265251989,4.415306142,1.2776030984,2.5335570237,-22.800585273349025,1.2471564597379512,12064000000000,160000000,14.0115339574,2.3418601475,2.7456253364,7.3027495697,1279.65391325,32196.6280005875,9.6720016702,quarter,VCS
VCS,2023,4,0.229508082,0.297329396,0.17402154493967686,3.116136505169375,0.6668417708,4.7249577733,124.82693721114228,306.2060980011,11.5691803186,442.6022155308422,1.1920076131,0.2437715397389284,0.29532955046094417,0.2053107010620385,0.1717744412,0.1651313409,0.1296324816,1141490856283.0,281257014465,0.0596125186,3.8285334877,0.973858807,1.9933224576,-20.766747182649993,1.297329396034719,10736000000000,160000000,12.6846033101,2.1533074655,2.4658572348,8.0755688225,1480.51211393125,31161.3650516938,9.4237919435,quarter,VCS
VCS,2023,3,0.2206179625,0.2644705352,0.17657345784671638,3.1818698943925,0.6722856078,4.7019886374,136.14411290638938,308.0001509951,12.0366745185,456.18093841998933,1.1850643541,0.23271496466410108,0.28307680523510015,0.18954300653072906,0.1640108465,0.1624490985,0.1239645944,1169701282750.0,239342271445,0.0715563506,4.2323337346,0.8121374635,2.14237596,-17.078289623859543,1.2644705352196812,8944000000000,160000000,10.9562935869,1.75682859,2.0202611429,7.0184244977,1218.38033130625,31818.698943925,7.6644973098,quarter,VCS
VCS,2023,2,0.295914731,0.3595836929,0.18994361210868727,3.061762332735625,0.6666337251,4.7079968909,143.77473549713557,305.4503361603,13.4267212285,462.6517928859356,1.1949569432,0.2280153399750716,0.2783262958915174,0.19726271727526384,0.1648057893,0.163381399,0.1220205619,1193382116479.0,259426613800,0.0315457413,3.3391854576,0.729565369,1.7258021879,-16.86723054031841,1.3595836928609066,10144000000000,160000000,12.3320559061,2.0707028538,2.2572581227,8.6952987303,1402.7345368875,30617.6233273563,8.6229664203,quarter,VCS
VCS,2023,1,0.27581467660000003,0.3172789899,0.1903644773274459,3.156706630989375,0.7474951432,5.2534585512,139.6818494123192,263.5359944092,14.1900073734,417.4078511949192,1.385010047,0.21826926063359248,0.26342558524513,0.18389517303533245,0.1934527771,0.1909597247,0.1423508764,1346581719186.0,225657779437,0.0315955766,3.6977600914,0.6454002293,1.9561449116,-16.472698547899626,1.317278989901682,10128000000000,160000000,10.4650293002,2.0052544439,1.9929307979,12.195398856,1188.25070339375,31567.0663098938,7.7667185527,quarter,VCS
VCS,2022,4,0.3137421024,0.3535140564,0.20031492891279093,3.042961028910625,0.8396264449,5.6265754102,134.15317103013058,213.926642993,15.4966613738,363.57647539693056,1.7061923419,0.22526587484710017,0.29794900148578257,0.16856191677962465,0.235802116,0.2255291344,0.1703949827,1551035489638.0,276415255071,0.1183431953,3.4034861995,0.6766765713,1.8202245976,-16.643763893895425,1.3535140563653503,8112000000000,160000000,7.0618818887,1.6661402995,1.4331483355,6.8064739406,1292.72479835,30429.6102891063,5.5592852735,quarter,VCS
VCS,2022,3,0.3206018305,0.372146672,0.18476808005500558,3.216464257455625,0.9042209755,6.3302280275,124.98947399860582,200.2880886837,16.3397945432,341.6173572255058,1.822374972,0.24181565794263354,0.3144416810893923,0.18367805915217933,0.2792393735,0.2543256994,0.202404804,1831423819510.0,264854765977,0.1081081081,3.3154188325,0.5710317552,1.8398017518,-23.40558569867335,1.3721466720107844,8880000000000,160000000,6.2999415869,1.7254971782,1.4102066601,10.315055196,1257.36298948125,32164.6425745563,5.1275126249,quarter,VCS
VCS,2022,2,0.31875464979999996,0.3932726279,0.1985337531522223,3.0907279585075,1.0208025937,6.901977917,115.27771483329425,166.4118452245,16.4522377757,298.14179783349425,2.193353481,0.25979029121635017,0.3068668001774906,0.2141998038117825,0.3426191522,0.3174766261,0.2447379969,2163565805949.0,448339450701,0.0545454545,3.1806138181,0.5346639732,1.8854059994,-39.361808040418936,1.3932726278852392,8800000000000,160000000,5.1963257043,1.7795160473,1.2458220148,7.2598464766,2310.37844821875,30907.279585075,4.2895765618,quarter,VCS
VCS,2022,1,0.31648486610000004,0.3417928028,0.19321349801751797,3.2658663308375,1.0447079408,6.7888654569,114.45755655878183,160.7656463979,17.3847865023,292.6079894589819,2.2703855468,0.26792639930455636,0.31224488478299134,0.230144197314286,0.3717968378,0.3144793282,0.259647714,2251582498931.0,431938405055,0.0410958904,3.6077988906,0.7755908957,2.2109662657,-38.89452395623329,1.341792802785769,11680000000000,160000000,6.5902759805,2.2352415134,1.6379219744,7.1880551444,2318.92316739375,32658.663308375,5.2934791081,quarter,VCS
VCS,2021,4,0.3635276643,0.4141639217,0.21269031303912628,3.0463731354425,1.0920595631,6.8813916666,111.7057567702654,159.1058588248,22.3185881089,293.1302037039654,2.2940701411,0.29847071856170604,0.35147018670412367,0.25093037502004584,0.4058763613,0.3297038054,0.2737142316,2271057769392.0,556273678138,0.0389483934,3.1131384708,0.5583266817,2.0503071799,-41.977464201396124,1.4141639217157511,16432000000000,160000000,9.2558242525,3.3712219559,2.3241443047,14.9842271867,2922.9408864125,30463.731354425,7.4415900034,quarter,VCS
VCS,2021,3,0.3900873542,0.4565427486,0.22544690782221902,2.95407904680125,1.0675293471,6.5963328873,116.9744794629671,162.5805340293,20.5139855082,300.0689990004671,2.2450412171,0.32002077419305336,0.3646956500494511,0.26055979755164993,0.4151689356,0.3322967051,0.2750745047,2255015077518.0,595858012327,0.0378787879,2.8988846513,0.6084709996,1.958493446,-41.75185407927856,1.4565427486433093,16896000000000,160000000,9.4595280254,3.574718155,2.4608520561,11.8133449644,3032.1594639625,29540.7904680125,7.7002947638,quarter,VCS
VCS,2021,2,0.4439688286,0.5359589762,0.25691809730350584,2.650863100405,1.0495875037,6.2842850846,118.78548391583863,174.7963483122,21.4462399522,315.0280721802386,2.0881443092,0.29972518753427463,0.3377766275771523,0.25009838796579037,0.4210955839,0.3392294021,0.2719723073,2140939997484.0,537452805364,0.015600624,2.5680995063,0.4105776164,1.5871291684,-37.19740635417609,1.5359589761933807,20512000000000,160000000,11.9521277283,4.8361607199,3.1511667295,16.1194991581,2802.90258000625,26508.63100405,9.9768417726,quarter,VCS
VCS,2021,1,0.45213842019438744,0.48643019795417786,0.23463305311025895,2.63721756250375,0.9757204651832581,5.691532135009766,126.15374295890216,196.09547424316406,22.983043670654297,345.23226087272053,1.8613381385803223,0.2922886326760732,0.3369627020188341,0.2390127634826172,0.3964877426624298,0.30178016424179077,0.24963906407356262,1913116426240.0,453426004815,0.019138756,2.751616954803467,0.3239353597164154,1.7095667123794556,-30.42198403511826,1.4864302073869193,16720000000000,160000000,10.9301459082,3.9625096346,2.8615899573,16.0155000477,2317.3712199625,26372.1756250375,9.323571584,quarter,VCS
VCS,2020,4,0.5008578112,0.5696255044,0.2639209787152638,2.411138169243125,0.972514861,5.4513762241,122.92654049749446,194.4750534872,32.6228828258,350.02447681049443,1.8768474077,0.3275101712625213,0.3712588266640661,0.2800657421536007,0.3909993519,0.3097788355,0.2454521156,1850899766474.0,543513554491,0.0216684724,2.4528063043,0.3955862155,1.4442771437,-31.167583645051153,1.5696255043509744,14768000000000,160000000,10.338697612,3.8280676395,2.6093742142,11.7164206822,2904.86258835625,24111.3816924313,8.6373770622,quarter,VCS
VCS,2020,3,0.5449883643,0.6107246853,0.28226525096919514,2.3146519104075,0.9773665791,5.3145043496,125.41470564602193,199.4570443917,23.7747541008,348.64650413852195,1.8299679568,0.3218773325357729,0.3581601118684876,0.2675094200644332,0.3902613863,0.3022209974,0.2376554647,1778629334433.0,484539933395,0.0273972603,2.369238609,0.2816510544,1.3594793962,-24.974908626318673,1.6107246852929085,11680000000000,160000000,8.5188589742,3.1538219493,2.0993703849,13.9351415183,2516.85548108125,23146.519104075,7.2521682498,quarter,VCS
VCS,2020,2,0.6221151392,0.7149362868,0.31896614163661263,2.062966362299375,1.0112844511,5.2369236302,119.26282363937482,193.1900780297,23.7819552711,336.23485694017484,1.8893309828,0.276419575560867,0.318865982068045,0.22779252587302787,0.3923748357,0.3134632592,0.237820096,1723940860801.0,311448160944,0.0,2.1248398382,0.1868656707,1.1199436849,-15.505003159369277,1.714936286848174,11220960000000,155200000,8.7936377053,3.3995222259,2.0285813362,9.9959762827,1653.7304700128866,21267.6944566946,7.3376164954,quarter,VCS
VCS,2020,1,0.6159890257999999,0.6290740243,0.30209220484483756,2.133149292605,1.085480339,5.4179211403,112.43868225505193,183.7695067295,23.9664514416,320.17464042615194,1.9861837064,0.2867947689882946,0.32842502315140976,0.22243377027881742,0.4465410117,0.3381372332,0.2722995664,1866725700430.0,392330738879,0.0,2.348866956,0.1995928188,1.334686758,-19.559015085419112,1.6290740242874713,9731040000000,155200000,6.6132252869,2.85113659,1.6780951904,10.9275121895,1960.6050493234536,21991.2298206701,6.0012435245,quarter,VCS
VCS,2019,4,0.5575875305,0.6190968788,0.3068505460168566,2.155428746570625,1.1138798944,6.9236222646,102.02211618887593,195.4702143135,34.1893129931,331.6816434954759,1.8672921666,0.3022629867419548,0.3399500545939659,0.2489212946111186,0.4564040071,0.3312514828,0.2823593811,1799516626469.0,472591240840,0.0930232558,2.3676525189,0.2496700863,1.3508721437,-21.159039936244458,1.619096878843996,10320000000000,160000000,7.3185540411,2.9924440835,1.8551931854,11.656062091,2432.44353120625,21554.2874657063,6.4836928743,quarter,VCS
VCS,2019,3,0.6381237418,0.637761006,0.34948427545874644,1.93649240156375,1.1263705452,6.4139739029,100.5044044670775,201.7472397945,23.6922855224,325.9439297839775,1.8091945167,0.2926246501806476,0.3327450246299161,0.2380310723683565,0.4568172641,0.3432318748,0.2875185323,1687776538466.0,431099082458,0.0592592593,2.3507255717,0.1938730315,1.2500652774,-24.522259697643474,1.637761006038328,10800000000000,160000000,7.8742448771,3.4856837004,2.0355454489,11.1289333004,2191.6937113625,19364.9240156375,7.1973468356,quarter,VCS
VCS,2019,2,0.6252864706000001,0.6774094867,0.36121372549707137,1.919089798080625,1.0902704853,7.052110775,99.96021309381405,219.9432041889,25.4791975484,345.38261483111404,1.6595193352,0.34681080828094923,0.38284160319515753,0.2944679438426805,0.4399083275,0.3266913005,0.2835366561,1600536828986.0,483506611724,0.0456621005,2.2742417713,0.0924733725,1.1671188295,-42.92402094037633,1.6774094867236427,14016000000000,160000000,10.886518884,4.5646639406,2.8632896979,27.8243189227,2565.8297404,19190.8979808063,9.6554930932,quarter,VCS
VCS,2019,1,0.3547264969,0.4234025895,0.19200201363003003,1.849644959329375,1.0956642847,8.8249077977,91.81532769764927,223.987086665,30.0673143739,345.86972873654923,1.6295582278,0.27251654639239903,0.31509517497219675,0.22945749574215435,0.4155080664,0.3488330246,0.2722186438,1473006191072.0,308457864077,0.0235294118,2.8898663006,0.2550254627,1.3834317355,-34.986782109191104,1.4234025894979432,13328000000000,156800000,11.5923465935,4.5035669997,2.8430581759,31.4646236665,1656.3768864859694,18873.9281564222,9.5439591739,quarter,VCS
VCS,2018,4,0.4213658372,0.6129802472,0.2009346663183735,1.706595335168125,1.1009376703,8.7591723805,85.79431056935267,212.0941919875,46.1896267909,344.0781293477527,1.7209334993,0.31691352692206237,0.34548970491008674,0.25520736107679237,0.4383327212,0.3477404938,0.2735652905,1422931914318.0,414031782288,0.030816641,2.2674765007,0.2553725993,1.080228678,-51.04310393785201,1.6129802471843406,10176320000000,156800000,9.2421848537,3.7268354536,2.2506034918,32.3456954847,2126.3759022130102,17414.2381139605,7.5974519783,quarter,VCS
VCS,2018,3,0.3929743877,0.4892065004,0.19558040828354212,1.759220886636875,1.0796177849,8.8220285382,81.98136290284124,218.3430149056,40.1722674052,340.4966452136412,1.6716815977,0.30123170386764453,0.334667386170594,0.2534840630454944,0.4134728219,0.3167986523,0.2663588604,1330122838076.0,320083018169,0.032,2.5940824177,0.3427116837,1.241093428,-35.30531403755017,1.4892065004307178,9800000000000,156800000,9.1833013861,3.4816548886,2.2656663554,36.108023367,1717.7761023596938,17951.233537111,7.8446415539,quarter,VCS
VCS,2018,2,0.0,0.0,0.16894902189528405,1.69231379210625,0.0,0.0,0.0,0.0,0.0,0.0,0.0,0.29989757071636525,0.334229314467841,0.25462001285169295,0.0,0.0,0.0,0.0,355975973810,0.0125786164,0.0,0.0,0.0,-43.43756909785175,1.5902275115394429,12720000000000,160000000,11.9439373809,4.6977103402,2.9684004964,19.1886605237,1888.94925878125,16923.1379210625,10.4119645833,quarter,VCS
VCS,2018,1,0.4121460561,0.5458297396,0.19516432233503922,1.503418866228125,1.1408595853,8.4926400012,73.40408628725277,187.6500873529,42.746422836,303.80059647615275,1.9451096727,0.26878311267194527,0.30234780043020354,0.22634115261060564,0.528668347,0.3390571355,0.3171470473,1221351056179.0,259529756373,0.0113507378,2.44660599,0.4065345609,1.1517780783,-37.98764606266367,1.545829739562652,14096000000000,160000000,12.1102690111,2.9299885075,3.3665282814,19.8801377756,1365.93087104375,30068.3773245625,11.9161518502,quarter,VCS
VCS,2017,4,0.398609459,0.5901205355,0.20191355358627364,1.49743153963875,1.2178835119,8.4339818574,66.76987160718033,177.6829162294,57.5009293287,301.95371716528035,2.0542211246,0.27608991870792543,0.30962101079839066,0.24950743389394248,0.5837992165,0.3340480757,0.3138856274,1188882123102.0,306540567715,0.0346320346,2.3286441247,0.4643211631,1.2575290387,-39.594106118586474,1.5901205355012797,18480000000000,160000000,16.4738498728,3.8566036891,4.2458122243,26.1266803473,1731.413962725,29948.630792775,15.9492797046,quarter,VCS
VCS,2017,3,0.506029939,0.6843187298,0.23540852161189307,1.3297931196225,1.2308799709,8.0686713809,68.38730723886042,163.9212469706,40.8329707722,273.14152498166044,2.2266790105,0.2908819714096841,0.328258052131897,0.26134597899867784,0.5956908383,0.3376102946,0.3062023521,1151317206913.0,297362399336,0.0173761946,2.0988969717,0.4086842074,1.1560881704,-32.23465837957433,1.6843187298117697,18416000000000,80000000,17.4888310523,8.6554816912,4.3506445221,27.9664627163,3339.6048488,26595.86239245,16.4140806753,quarter,VCS
VCS,2017,2,0.6473022772,0.9004558147,0.27586396197066787,1.173614707088125,1.217294048,7.3953305965,64.9860119903286,162.0696540055,37.8176812178,264.8733472136286,2.2521180923,0.2647502519726731,0.2990136619211802,0.36845044371234914,0.6073124827,0.3227381572,0.2925190759,1067152692717.0,288302063647,0.009765625,1.7894804404,0.2500660169,1.0130092996,-24.76416184817557,1.9004558147490456,16384000000000,80000000,17.1383886818,6.5438852748,4.1184014885,40.9902986213,5015.34099035,31296.3921890167,16.0959096507,quarter,VCS
VCS,2017,1,0.9589651477,1.0179008092,0.32824312549558904,1.011433606353125,1.1851508772,6.6012402574,61.923766133602165,166.932447393,33.8551114951,262.7113250217021,2.1865132016,0.20085129563301204,0.23188446806171714,0.1559299933540011,0.5058126162,0.2995797033,0.2316192231,973421679794.0,227161698502,0.0130890052,1.7806533189,0.3471610274,0.9871283571,-18.9504026222065,2.0179008091633737,12224000000000,80000000,17.0093121311,5.6652260356,3.3688406118,22.8182966299,2204.4494426875,26971.5628360833,13.4654437684,quarter,VCS
VCS,2016,4,0.9919226874,1.306577446,0.3789395776772383,0.90445986586,1.0496074759,5.606441691,66.14487533685829,216.5774089833,55.4036708822,338.1259552023583,1.6853096623,0.27151358150489663,0.31227622477232064,0.2102173809381661,0.5527858905,0.0,0.2209303199,922633740961.0,268989714586,0.0265076209,1.5920550332,0.2531645222,0.741407203,-23.393097747529712,2.306577446034013,9054000000000,60000000,12.5656823826,6.2564965164,2.8192523156,10.8182878798,3471.0549276,24118.9297562667,10.7708557047,quarter,VCS
VCS,2016,3,1.1636748398999999,1.1431720959,0.40950979413522676,0.84579097529625,1.0965628758,5.2271228651,57.037927756388086,184.2862110218,22.1697895714,263.4939283495881,1.9806148164,0.2786206831109738,0.32164959460220155,0.22165099528712118,0.5164835903,0.0,0.2198608397,828192589048.0,213865070171,0.0310077519,1.6224196194,0.3968745053,0.83747503,-17.865577093751686,2.143172095927821,7740000000000,60000000,11.4842016504,5.0521520526,2.5784202696,8.8783094742,2835.59982765,25533.6733055718,10.3081486615,quarter,VCS
VCS,2016,2,0.0,0.0,0.47505400412590293,0.743284597486875,0.0,0.0,0.0,0.0,0.0,0.0,0.0,0.26425577294507396,0.30327492153289815,0.20883982361722703,0.0,0.0,0.0,0.0,195354806044,0.0290275762,0.0,0.0,0.0,-15.826321180566392,2.3064315601252883,8268000000000,60000000,12.8696150451,6.1410669719,2.8477524897,10.9330613874,2573.1297360333333,22439.0974125087,11.6473501042,quarter,VCS
VCS,2016,1,1.3672051475,1.2543903645,0.5184254204107341,0.70010397897,1.0467346017,4.6493191701,61.34654316660493,205.9732319726,23.7057339288,291.0255090680049,1.7720749269,0.2479051430400233,0.29549816678085145,0.20057065672916852,0.4922824697,0.0,0.1802437283,740833682022.0,176988450688,0.0197044335,1.6247775531,0.15506961,0.6800373044,-12.26544969177512,2.254390364525955,5379423976500,52999251,9.3904081999,4.8023437751,1.9199104439,8.9878066789,2701.824000776917,21135.5131481386,9.1174034566,quarter,VCS
VCS,2015,4,0.0,0.0,0.5981083206872092,0.624119574875625,0.0,0.0,0.0,0.0,0.0,0.0,0.0,0.22400159994639016,0.2646954681678613,0.17175544701735637,0.0,0.0,0.0,0.0,174957053337,0.038277512,0.0,0.0,0.0,-10.514232049815332,2.7854040055828797,4430742629500,42399451,13.6875058208,5.5475067897,1.6936021661,23.9818915139,3163.957353716679,18837.2910500188,8.9647007177,quarter,VCS
VCS,2015,3,0.0,0.0,0.6352489451253209,0.597950121633125,0.0,0.0,0.0,0.0,0.0,0.0,0.0,0.2674736644751881,0.3245723366786122,0.16885360611224187,0.0,0.0,0.0,0.0,178963749143,0.0612557427,0.0,0.0,0.0,-8.994807592122712,2.846037403200647,2768684150300,42399451,7.305976041,3.6174119767,1.1442658669,789.4058632188,2664.613036758424,18051.5795329447,7.3197908943,quarter,VCS
VCS,2015,2,2.3566352928,2.1692922092,0.739594953301973,0.528040354801875,0.9257844816,3.4452307554,62.07568532963809,218.9054383496,30.8501948123,311.83131849153807,1.6673866248,0.24937854044687432,0.3009887017250655,0.14448251013934268,0.3450637302,0.0,0.1070454667,463175291655.0,159062587038,0.0431965443,1.2909613054,0.1745954165,0.5999133436,-7.162820800324804,3.1692922092060862,1963094581300,42399451,7.4366850282,2.3235612622,0.8135528097,-3379.3752298391,2173.5218367332163,19926.3091327055,7.2337394108,quarter,VCS
VCS,2015,1,0.0,0.0,0.864395989247569,0.526002792509375,0.0,0.0,0.0,0.0,0.0,0.0,0.0,0.21422515772747458,0.2702337705760827,0.1237233157910471,0.0,0.0,0.0,0.0,113150968760,0.0533333333,0.0,0.0,0.0,-5.068702057826916,3.2373249666308093,1589979412500,42399451,6.7342271003,2.3615272827,0.6899256948,-51.0784755641,1541.2714106368971,15879.5539962442,7.5180923404,quarter,VCS
VCS,2014,4,2.4422630192,2.3704462684,0.9342935581507834,0.4909796052175,0.7621781471,2.1668865319,63.24757390800725,230.226118532,37.933736699,331.40742913900726,1.5853978789,0.21943313485804328,0.26625785027024024,0.18559029370372307,0.2295542125,0.0,0.0783307765,463552669833.0,128259517552,0.0684931506,1.2449543145,0.2596035353,0.6440326968,-5.871994658027581,3.3707377817085997,1238063969200,42399451,6.9041722017,1.970013256,0.5999786483,160.0953619071,2558.4823201602303,14822.2352868345,5.8817173537,quarter,VCS
VCS,2014,3,2.3308791747,2.116378143,0.9383823913866366,0.47638791924625,0.6556243449,1.6872022826,60.73623596492183,258.3004174339,41.9541692524,360.99082265122183,1.4130832757,0.4124954754621789,0.471867137181905,0.019658102773684134,0.1262107377,21.9646149093,0.0464332599,247043469250.0,273262924194,0.0687285223,1.3120384121,0.2883615382,0.6713231073,-11.60447134322378,3.1166785853188124,1233824024100,42399451,12.144037556,1.6187228598,0.6899788093,-41.3355536361,307.1446041600869,17977.1353830501,10.5090911655,quarter,VCS
VCS,2014,2,1.7695442945000002,1.7465573579,1.0774987795557067,0.700169489536875,0.5701090561,1.3553177754,64.04578075453779,247.1894431347,37.6240534609,348.85927735013775,1.4766002761,0.22625192195551574,0.3382391063875355,0.14661403221626718,0.1179429328,23.0213317777,0.045420829,336142233565.0,119780557581,0.0,1.0332644949,0.2436546191,0.5039996784,-5.373695489131786,2.746965436414815,1293183255500,42399451,10.2206173397,1.1543484067,0.8142808954,30.976318139,1830.667021443273,26421.8322840784,7.7152454334,quarter,VCS
VCS,2014,1,1.6252369841,1.515688084,1.0722872881567769,0.66824129394625,0.5028536223,1.1362871767,65.4665096061536,283.0428532009,39.5526998647,388.0620626717536,1.2895573792,0.11272061806137997,0.2160666003810638,0.04510663785209887,0.0676281067,13.491994043,0.0266382109,267185592077.0,32365959641,0.0,1.044642404,0.1241193996,0.4112544077,-1.4927985253430922,2.5160817131923072,757889289300,52999251,10.6780536536,0.708846954,0.5656601298,6.9862269036,244.3744806318112,20173.6071763354,7.1932020135,quarter,VCS
VCS,2013,4,1.7252181953,1.6046275706,1.1021732730718836,0.663823584218125,0.4841799159,1.0731762606,65.00809252117692,308.0103536646,45.8166411747,418.83508736047696,1.1850250995,0.14245168240011527,0.3025237353633802,0.07455565843466516,0.0694676343,0.0,0.0264557647,298947358766.0,44045514769,0.0,1.0312854628,0.0981206748,0.4450906411,-2.0397325893860407,2.6050201452185147,890387416800,52999251,12.4318213015,0.8383132939,0.6792791867,4.440213892,434.9556585997791,20040.2404696059,7.1699643999,quarter,VCS
VCS,2013,3,1.8448255359999999,1.5053213483,1.11866043153192,0.649717811044375,0.4770923666,1.0088857414,55.76445721196731,312.339710665,39.2214856938,407.32565357076726,1.1685994048,0.1911992152955181,0.27051320092017306,0.027906656544370995,0.0668254411,20.4260378926,0.0261731101,283670033688.0,88407906987,0.0,1.085232502,0.0499625959,0.4619277176,-3.9522121040779545,2.5090609103380968,1028185469400,52999251,15.0852194939,0.9890692658,0.827569541,29.2167805796,243.46866745343252,19614.3997897442,8.3741852076,quarter,VCS
VCS,2013,2,1.8532807099,1.5168611816,1.203783747319833,0.64199146525125,0.3940532683,0.8193821227,56.569289449902364,399.8270683436,55.3415274306,511.7378852241024,0.9128946709,0.2285266649779821,0.3640739696453457,0.07850427639333303,0.0671145318,10.2130189463,0.0256655937,298095698475.0,64242204285,0.0,0.9928516205,0.0482476842,0.2893332826,-2.6005790517807825,2.5239212847921038,514092734700,52999251,7.6205229745,0.5004863406,0.4963421517,5.0918246319,416.3965620382069,19381.14831853,6.2563608833,quarter,VCS
VCS,2013,1,1.950089556,1.5275882803,1.2380167953376575,0.633224953075,0.3938727881,0.811944963,56.2815137290879,381.3988513974,46.3915078267,484.0718729531879,0.9570034064,0.17784636352434446,0.2893307520638738,0.0526839051262402,0.0493138369,9.05484154,0.0183934627,276743098069.0,45899567348,0.0,0.970302922,0.0319529167,0.2794808792,-1.794956943065257,2.53477192274436,455793558600,52999251,9.3418616342,0.4498732602,0.436255534,8.0073059606,256.5498879597374,19116.4951542428,6.7956271131,quarter,VCS
